No.,MODE,DEVICE,ACTUAL,REFER.,MEASURE,LIMIT-,(-%),LIMIT+,(+%),OFFSET,Delay,Bias,H-PIN,L-PIN,G-1,G-2,G-3,G-4,G-5,X,Y,AB,CURRENT(uA),SKIP
1,J.,NGUYENGIATIEP,*******,-------,-------,--------,0,--------,0,--------,0,,0,0,0,0,0,0,0,*,*,A,,*
2,J.,1191176*,*******,-------,-------,--------,0,--------,0,--------,0,,0,0,0,0,0,0,0,*,*,A,,*
3,J.,UMC*****,*******,-------,-------,--------,0,--------,0,--------,0,,0,0,0,0,0,0,0,*,*,A,,*
4,J.,21/8/2020,*******,-------,-------,--------,0,--------,0,--------,0,,0,0,0,0,0,0,0,*,*,A,,*
5,J.,CAP*****,*******,-------,-------,--------,0,--------,0,--------,0,,0,0,0,0,0,0,0,*,*,A,,*
6,"C. DC","C1/C2   ",100.0uF,0.800mF,0.734mF,0.560mF,30,1.040mF,30,0.000mF,0,,2,1,0,0,0,0,0,A,2,A,
7,"C. DC","C2/C    ",0.300mF,0.800mF,0.735mF,0.560mF,30,1.040mF,30,0.000mF,0,,2,1,0,0,0,0,0,A,2,A,
8,"C. DC","C3/C2   ",100.0uF,0.800mF,0.734mF,0.560mF,30,1.040mF,30,0.000mF,0,,2,1,0,0,0,0,0,B,2,A,
9,"C. DC","C4/C2   ",0.300mF,0.800mF,0.734mF,0.560mF,30,1.040mF,30,0.000mF,0,,2,1,0,0,0,0,0,A,1,A,
10,"C. AC","C5/NC   ","NC     ",0.000uF,0.000uF,0.000uF,30,0.000uF,30,0.000uF,0,,103,102,0,0,0,0,0,E,1,A,,*
11,"C. AC","C6      ",0.470nF,0.470nF,0.498nF,0.329nF,30,0.611nF,30,0.000nF,0,,25,1,0,0,0,0,0,B,1,A,
12,"F. HS","C7/C72  ",100.0nF," 1.10 V"," 0.90 V"," 0.77 V",30," 1.43 V",30," 0.00 V",0,5.0V,2,34,0,0,0,0,0,B,1,A,
13,"C. AC","C8/LOW  ",022.0pF," 22.0pF","  0.0pF"," 15.4pF",30," 28.6pF",30,"  0.0pF",0,,23,21,0,0,0,0,0,B,1,A,,*
14,"C. DC","C9/C49  ",100.0nF,20.00uF,19.73uF,14.00uF,30,26.00uF,30," 0.00uF",0,,10,11,0,0,0,0,0,D,1,A,
15,"C. DC","C10     ",10.00uF,10.00uF," 9.28uF"," 7.00uF",30,13.00uF,30," 0.00uF",0,,11,103,0,0,0,0,0,E,1,A,
16,"C. DC","C11/C49 ",100.0nF,20.00uF,19.25uF,14.00uF,30,26.00uF,30," 0.00uF",0,,10,11,0,0,0,0,0,E,1,A,
17,"C. AC","C12/NC  ","NC     ",0.000uF,0.000uF,0.000uF,30,0.000uF,30,0.000uF,0,,149,96,0,0,0,0,0,D,1,A,,*
18,"C. AC","C13/NC  ","NC     ",0.000uF,0.000uF,0.000uF,30,0.000uF,30,0.000uF,0,,11,146,0,0,0,0,0,E,1,A,,*
19,"C. AC","C14     ",0.220nF,0.220nF,0.263nF,0.154nF,30,0.286nF,30,0.000nF,0,,105,104,0,0,0,0,0,E,1,A,
20,"C. DC","C15/C49 ",100.0nF,20.00uF,19.25uF,14.00uF,30,26.00uF,30," 0.00uF",0,,10,11,0,0,0,0,0,E,1,A,
21,"C. AC","C16/NC  ","NC     ",0.000uF,0.000uF,0.000uF,30,0.000uF,30,0.000uF,0,,103,97,0,0,0,0,0,D,1,A,,*
22,"C. AC","C17     ",0.220nF,0.220nF,0.266nF,0.154nF,30,0.286nF,30,0.000nF,0,,107,11,109,201,0,0,0,E,1,A,
23,"C. AC","C18/NC  ","NC     ",0.000uF,0.000uF,0.000uF,30,0.000uF,30,0.000uF,0,,148,99,0,0,0,0,0,D,1,A,,*
24,"C. AC","C19/NC  ","NC     ",0.000uF,0.000uF,0.000uF,30,0.000uF,30,0.000uF,0,,147,113,0,0,0,0,0,E,1,A,,*
25,"C. AC","C20/NC  ","NC     ",0.000uF,0.000uF,0.000uF,30,0.000uF,30,0.000uF,0,,103,108,0,0,0,0,0,E,1,A,,*
26,"C. AC","C21/NC  ","NC     ",0.000uF,0.000uF,0.000uF,30,0.000uF,30,0.000uF,0,,103,114,0,0,0,0,0,E,1,A,,*
27,"C. AC","C22/NC  ","NC     ",0.000uF,0.000uF,0.000uF,30,0.000uF,30,0.000uF,0,,11,93,0,0,0,0,0,D,1,A,,*
28,"C. AC","C23     ",0.470nF,0.470nF,0.548nF,0.329nF,30,0.611nF,30,0.000nF,0,,11,144,133,0,0,0,0,E,2,A,
29,"C. DC","C24     ",047.0uF," 47.0uF"," 46.6uF"," 32.9uF",30," 61.1uF",30,"  0.0uF",0,,3,1,0,0,0,0,0,B,1,A,
30,"C. POL","C24/POL ",047.0uF,FORWARD,FORWARD,--------,0,--------,0,--------,0,,3,1,216,0,0,0,0,B,1,A,
31,"C. AC","C25     ",0.470nF,0.470nF,0.581nF,0.329nF,30,0.611nF,30,0.000nF,0,,142,11,0,0,0,0,0,E,2,A,
32,"C. AC","C26/IC  ",1.000uF,20.00uF,20.65uF,14.00uF,30,26.00uF,30," 0.00uF",0,,11,133,0,0,0,0,0,E,2,A,
33,"C. DC","C27     ",180.0uF,180.0uF,171.1uF,126.0uF,30,234.0uF,30,"  0.0uF",0,,4,1,0,0,0,0,0,B,1,A,
34,"C. POL","C27/POL ",180.0uF,FORWARD,FORWARD,--------,0,--------,0,--------,0,,4,1,217,0,0,0,0,B,1,A,
35,"C. AC","C28     ",1.000nF,1.000nF,1.283nF,0.700nF,30,1.300nF,30,0.000nF,0,,4,41,0,0,0,0,0,B,1,A,
36,"C. DC","C29/C32 ",100.0nF,280.0uF,244.1uF,196.0uF,30,364.0uF,30,"  0.0uF",0,,5,1,0,0,0,0,0,B,2,A,
37,"C. AC","C30     ",0.470nF,0.470nF,0.548nF,0.329nF,30,0.611nF,30,0.000nF,0,,203,11,151,0,0,0,0,E,2,A,
38,"C. AC","C31/NC  ","NC     ",0.000uF,0.000uF,0.000uF,30,0.000uF,30,0.000uF,0,,68,69,0,0,0,0,0,C,2,A,,*
39,"C. DC","C32/C   ",0.270mF,0.270mF,0.241mF,0.189mF,30,0.351mF,30,0.000mF,0,,5,1,0,0,0,0,0,B,2,A,
40,"C. AC","C33     ",0.470nF,0.470nF,0.525nF,0.329nF,30,0.611nF,30,0.000nF,0,,204,11,152,0,0,0,0,E,2,A,
41,"C. AC","C34/C49 ",1.000uF,20.00uF,16.38uF,14.00uF,30,26.00uF,30," 0.00uF",0,,10,11,0,0,0,0,0,E,2,A,
42,"C. AC","C35/C26 ",100.0nF,20.00uF,20.73uF,14.00uF,30,26.00uF,30," 0.00uF",0,,11,133,0,0,0,0,0,E,1,A,
43,"C. AC","C36/C   ",0.220uF,0.880uF,0.895uF,0.616uF,30,1.144uF,30,0.000uF,0,,11,164,0,0,0,0,0,D,2,A,
44,"C. AC","C37     ",0.470nF,0.470nF,0.519nF,0.329nF,30,0.611nF,30,0.000nF,0,,205,11,154,0,0,0,0,E,2,A,
45,"C. DC","C38/C39 ",10.00uF," 20.0uF"," 18.9uF"," 14.0uF",30," 26.0uF",30,"  0.0uF",0,,207,162,0,0,0,0,0,E,2,A,
46,"C. DC","C39/C38 ",10.00uF," 20.0uF"," 18.4uF"," 14.0uF",30," 26.0uF",30,"  0.0uF",0,,207,162,0,0,0,0,0,E,2,A,
47,"C. AC","C40     ",0.470nF,0.470nF,0.586nF,0.329nF,30,0.611nF,30,0.000nF,0,,121,11,126,0,0,0,0,E,1,A,
48,"C. AC","C41     ",068.0nF," 68.0nF"," 69.5nF"," 47.6nF",30," 88.4nF",30,"  0.0nF",0,,2,39,0,0,0,0,0,B,2,A,
49,"C. AC","C42     ",0.470nF,0.470nF,0.536nF,0.329nF,30,0.611nF,30,0.000nF,0,,159,11,156,0,0,0,0,E,2,A,
50,"C. AC","C43/NC  ","NC     ",0.000uF,0.000uF,0.000uF,30,0.000uF,30,0.000uF,0,,11,121,0,0,0,0,0,E,1,A,,*
51,"C. AC","C44/NC  ","NC     ",0.000uF,0.000uF,0.000uF,30,0.000uF,30,0.000uF,0,,11,126,0,0,0,0,0,E,1,A,,*
52,"C. AC","C45/C   ",10.00nF,11.00nF,12.67nF," 7.70nF",30,14.30nF,30," 0.00nF",0,,11,143,0,0,0,0,0,E,1,A,
53,"C. AC","C46     ",1.000nF,1.000nF,0.857nF,0.700nF,30,1.300nF,30,0.000nF,0,,121,126,103,0,0,0,0,E,1,A,
54,"C. AC","C47/C36 ",0.220uF,0.880uF,0.893uF,0.616uF,30,1.144uF,30,0.000uF,0,,11,164,0,0,0,0,0,D,2,A,
55,"C. AC","C48     ",0.470nF,0.470nF,0.527nF,0.329nF,30,0.611nF,30,0.000nF,0,,160,11,157,0,0,0,0,E,2,A,
56,"C. DC",C49/C/IC,1.000uF,20.00uF,19.37uF,14.00uF,30,26.00uF,30," 0.00uF",0,,10,11,0,0,0,0,0,E,2,A,
57,"C. AC","C50/C49 ",100.0nF,20.00uF,15.66uF,14.00uF,30,26.00uF,30," 0.00uF",0,,10,11,0,0,0,0,0,E,1,A,
58,"C. DC","C51/C52 ",10.00uF," 20.0uF"," 17.6uF"," 14.0uF",30," 26.0uF",30,"  0.0uF",0,,166,208,0,0,0,0,0,E,2,A,
59,"C. DC","C52/C51 ",10.00uF," 20.0uF"," 17.7uF"," 14.0uF",30," 26.0uF",30,"  0.0uF",0,,166,208,0,0,0,0,0,E,2,A,
60,"C. AC","C53     ",0.470nF,0.470nF,0.509nF,0.329nF,30,0.611nF,30,0.000nF,0,,161,11,158,0,0,0,0,E,2,A,
61,"C. AC","C54     ",0.470nF,0.470nF,0.456nF,0.329nF,30,0.611nF,30,0.000nF,0,,11,129,132,0,0,0,0,E,1,A,
62,"C. AC","C55     ",1.000nF,1.000nF,1.102nF,0.700nF,30,1.300nF,30,0.000nF,0,,11,130,0,0,0,0,0,E,1,A,
63,"C. DC","C56     ",10.00uF,10.00uF," 8.08uF"," 7.00uF",30,13.00uF,30," 0.00uF",0,,6,81,0,0,0,0,0,C,2,A,
64,"C. AC","C57/C36 ",0.220uF,0.880uF,0.891uF,0.616uF,30,1.144uF,30,0.000uF,0,,11,164,0,0,0,0,0,D,2,A,
65,"C. AC","C58     ",1.000nF,1.000nF,1.009nF,0.700nF,30,1.300nF,30,0.000nF,0,,6,75,0,0,0,0,0,B,2,A,
66,"C. AC","C59/LOW ",047.0pF," 47.0pF","  0.0pF"," 32.9pF",30," 61.1pF",30,"  0.0pF",0,,35,1,0,0,0,0,0,B,1,A,,*
67,"C. DC","C60/C61 ",10.00uF," 20.0uF"," 17.6uF"," 14.0uF",30," 26.0uF",30,"  0.0uF",0,,163,209,0,0,0,0,0,E,2,A,
68,"C. DC","C61/C60 ",10.00uF," 20.0uF"," 19.0uF"," 14.0uF",30," 26.0uF",30,"  0.0uF",0,,209,163,0,0,0,0,0,E,2,A,
69,"C. AC","C62     ",1.000uF," 1.00uF"," 0.85uF"," 0.70uF",30," 1.30uF",30," 0.00uF",0,,11,128,0,0,0,0,0,E,1,A,
70,"C. AC","C63/NC  ","NC     ",0.000uF,0.000uF,0.000uF,30,0.000uF,30,0.000uF,0,,79,75,0,0,0,0,0,C,2,A,,*
71,"C. AC","C64/C36 ",0.220uF,0.880uF,0.885uF,0.616uF,30,1.144uF,30,0.000uF,0,,11,164,0,0,0,0,0,D,2,A,
72,"C. AC","C65     ",100.0nF,100.0nF,102.6nF," 70.0nF",30,130.0nF,30,"  0.0nF",0,,128,131,0,0,0,0,0,E,1,A,
73,"C. AC","C66     ",1.000nF,1.000nF,0.907nF,0.700nF,30,1.300nF,30,0.000nF,0,,78,77,0,0,0,0,0,C,2,A,
74,"C. DC","C67/1C  ",100.0nF,330.0uF,311.8uF,231.0uF,30,409.6uF,30,"  0.0uF",0,,6,7,0,0,0,0,0,C,2,A,
75,"C. DC","C68     ",022.0uF," 22.0uF"," 21.1uF"," 15.4uF",30," 28.6uF",30,"  0.0uF",0,,79,6,0,0,0,0,0,C,2,A,
76,"C. AC","C69     ",100.0nF,100.0nF,103.1nF," 70.0nF",30,130.0nF,30,"  0.0nF",0,,17,1,0,0,0,0,0,A,3,A,
77,"C. AC","C70/NC  ","NC     ",0.000uF,0.000uF,0.000uF,30,0.000uF,30,0.000uF,0,,27,1,0,0,0,0,0,B,1,A,,*
78,"C. AC","C71     ",1.000uF,1.000uF,0.893uF,0.700uF,30,1.300uF,30,0.000uF,0,,1,32,3,0,0,0,0,B,1,A,
79,"C. AC","C72/C   ",1.000uF," 1.00uF"," 0.84uF"," 0.70uF",30," 1.30uF",30," 0.00uF",0,,2,34,0,0,0,0,0,B,1,A,
80,"C. AC","C73     ",0.470nF,0.470nF,0.446nF,0.329nF,30,0.611nF,30,0.000nF,0,,1,37,40,0,0,0,0,B,1,A,
81,"C. DC","C74/C75 ",04.70uF," 9.40uF"," 7.96uF"," 6.58uF",30,12.22uF,30," 0.00uF",0,,61,37,0,0,0,0,0,C,1,A,
82,"C. DC","C75/C74 ",04.70uF," 9.40uF"," 7.94uF"," 6.58uF",30,12.22uF,30," 0.00uF",0,,61,37,0,0,0,0,0,B,1,A,
83,"C. AC","C76     ",1.000nF,1.000nF,1.028nF,0.700nF,30,1.300nF,30,0.000nF,0,,11,140,200,0,0,0,0,E,1,A,
84,"C. AC","C77     ",03.30nF," 3.30nF"," 3.16nF"," 2.31nF",30," 4.29nF",30," 0.00nF",0,,11,201,0,0,0,0,0,E,2,A,
85,"C. DC","C78/C32 ",100.0nF,280.0uF,242.3uF,196.0uF,30,364.0uF,30,"  0.0uF",0,,5,1,0,0,0,0,0,B,1,A,
86,"C. AC","C79     ",022.0nF," 22.0nF"," 23.8nF"," 15.4nF",30," 28.6nF",30,"  0.0nF",0,,63,1,0,0,0,0,0,C,2,A,
87,"C. DC","C80/C32 ",10.00uF,280.0uF,240.4uF,196.0uF,30,364.0uF,30,"  0.0uF",0,,5,1,0,0,0,0,0,C,2,A,
88,"C. AC","C81/NC  ","NC     ",0.000uF,0.000uF,0.000uF,30,0.000uF,30,0.000uF,0,,73,74,0,0,0,0,0,C,2,A,,*
89,"C. AC","C82     ",033.0nF," 33.0nF"," 34.8nF"," 23.1nF",30," 42.9nF",30,"  0.0nF",0,,6,46,0,0,0,0,0,B,2,A,
90,"C. AC","C83     ",1.000nF,1.000nF,0.977nF,0.700nF,30,1.300nF,30,0.000nF,0,,9,88,0,0,0,0,0,C,3,A,
91,"C. AC","C84     ",02.20nF,2.200nF,2.360nF,1.540nF,30,2.860nF,30,0.000nF,0,,8,43,45,0,0,0,0,B,3,A,
92,"C. AC",C100/C45,1.000nF,11.00nF,12.73nF," 7.70nF",30,14.30nF,30," 0.00nF",0,,11,143,0,0,0,0,0,E,1,A,
93,"C. DC","1C      ",0.330mF,0.330mF,0.314mF,0.231mF,30,0.429mF,30,0.000mF,0,,7,6,0,0,0,0,0,C,2,A,
94,"C. POL","1C/POL  ",0.330mF,FORWARD,FORWARD,--------,0,--------,0,--------,0,,7,6,218,0,0,0,0,C,2,A,
95,"C. DC","2C      ",0.330mF,0.330mF,0.313mF,0.231mF,30,0.429mF,30,0.000mF,0,,9,8,0,0,0,0,0,C,3,A,
96,"C. POL","2C/POL  ",0.330mF,FORWARD,FORWARD,--------,0,--------,0,--------,0,,9,8,219,0,0,0,0,C,3,A,
97,"C. AC","7C      ",100.0nF,100.0nF," 99.1nF"," 70.0nF",30,130.0nF,30,"  0.0nF",0,,8,45,0,0,0,0,0,B,2,A,
98,"C. AC","8C      ",100.0nF,100.0nF,101.8nF," 70.0nF",30,130.0nF,30,"  0.0nF",0,,8,44,0,0,0,0,0,C,2,A,
99,NOP,RES*****,*******,--------,--------,--------,0,--------,0,--------,0,,0,0,0,0,0,0,0,*,*,A,,*
100,"R. HS","R1      ",10.00Ko,10.00Ko,10.17Ko," 9.00Ko",10,11.00Ko,10," 0.00Ko",10,,102,11,103,0,0,0,0,E,1,A,
101,R.,"R2      ",03.30Ko," 3.30Ko"," 3.29Ko"," 2.97Ko",10," 3.63Ko",10," 0.00Ko",0,,10,91,0,0,0,0,0,D,1,A,
102,R.,"R3      ",05.10Ko," 5.10Ko"," 5.09Ko"," 4.59Ko",10," 5.61Ko",10," 0.00Ko",0,,5,25,0,0,0,0,0,B,1,A,
103,R.,"R4      ",05.10Ko," 5.10Ko"," 5.10Ko"," 4.59Ko",10," 5.61Ko",10," 0.00Ko",0,,133,145,0,0,0,0,0,D,1,A,
104,"R. HS","R5      ",08.20Ko," 8.20Ko"," 8.31Ko"," 7.38Ko",10," 9.02Ko",10," 0.00Ko",0,,150,10,11,0,0,0,0,D,1,A,
105,"R. HS","R6      ",100.0Ko,100.0Ko,104.3Ko," 90.0Ko",10,110.0Ko,10,"  0.0Ko",20,,150,11,10,0,0,0,0,D,1,A,
106,R.,"R7      ",02.00Ko,2.000Ko,1.976Ko,1.800Ko,10,2.200Ko,10,0.000Ko,0,,102,103,11,0,0,0,0,E,1,A,
107,R.,"R8/Q2 BE",03.00Ko," 2.60Ko"," 2.58Ko"," 2.34Ko",10," 2.86Ko",10," 0.00Ko",0,,11,93,0,0,0,0,0,D,1,A,
108,R.,"R9      ",04.30Ko," 4.30Ko"," 4.25Ko"," 3.87Ko",10," 4.73Ko",10," 0.00Ko",50,,10,103,11,97,0,0,0,E,1,A,
109,R.,"R10     ",02.70Ko,2.700Ko,2.681Ko,2.430Ko,10,2.970Ko,10,0.000Ko,0,,10,95,0,0,0,0,0,D,1,A,
110,R.,"R11     ",022.0Ko,22.00Ko,22.06Ko,19.80Ko,10,24.20Ko,10," 0.00Ko",0,,22,23,34,0,0,0,0,B,1,A,
111,R.,"R12     ",022.0Ko,22.00Ko,22.07Ko,19.80Ko,10,24.20Ko,10," 0.00Ko",0,,34,23,22,0,0,0,0,B,1,A,
112,R.,"R13     ",022.0Ko,22.00Ko,22.88Ko,19.80Ko,10,24.20Ko,10," 0.00Ko",0,,34,21,2,0,0,0,0,B,1,A,
113,R.,"R14/R   ","120.0 o"," 30.0 o"," 31.4 o"," 27.0 o",10," 33.0 o",10,"  0.0 o",0,,29,28,0,0,0,0,0,B,1,A,
114,R.,"R15/R14 ","120.0 o"," 30.0 o"," 31.4 o"," 27.0 o",10," 33.0 o",10,"  0.0 o",0,,29,28,0,0,0,0,0,C,1,A,
115,R.,"R16     ",12.00Ko,12.00Ko,11.88Ko,10.80Ko,10,13.20Ko,10," 0.00Ko",0,,149,120,121,0,0,0,0,E,1,A,
116,R.,"R17     ",12.00Ko,12.00Ko,11.84Ko,10.80Ko,10,13.20Ko,10," 0.00Ko",0,,148,120,121,0,0,0,0,E,1,A,
117,R.,"R18     ",12.00Ko,12.00Ko,11.87Ko,10.80Ko,10,13.20Ko,10," 0.00Ko",0,,120,147,121,0,0,0,0,E,1,A,
118,R.,"R19     ",12.00Ko,12.00Ko,11.88Ko,10.80Ko,10,13.20Ko,10," 0.00Ko",0,,120,118,0,0,0,0,0,E,1,A,
119,R.,"R20     ",10.00Ko,10.00Ko,10.00Ko," 9.00Ko",10,11.00Ko,10," 0.00Ko",0,,11,92,0,0,0,0,0,D,1,A,
120,R.,"R21     ",0.430Ko,0.430Ko,0.430Ko,0.387Ko,10,0.473Ko,10,0.000Ko,0,,92,94,0,0,0,0,0,D,1,A,
121,R.,"R22     ","JUMPER "," 5.00 o"," 0.93 o",--------,*," 5.00 o",0," 0.00 o",0,,104,146,0,0,0,0,0,E,1,A,
122,"R. HS","R23     ","3.00Ko "," 3.00Ko"," 3.05Ko"," 2.70Ko",10," 3.30Ko",10," 0.00Ko",0,,116,96,149,0,0,0,0,D,1,A,
123,"R. HS","R24     ","39.0Ko "," 39.0Ko"," 39.5Ko"," 35.1Ko",10," 42.9Ko",10,"  0.0Ko",50,,149,96,11,0,0,0,0,D,1,A,
124,R.,"R25/NC  ","NC     ",0.000Ko,0.000Ko,0.000Ko,10,0.000Ko,10,0.000Ko,0,,11,146,0,0,0,0,0,E,1,A,,*
125,R.,"R26     ",150.0Ko,150.0Ko,149.7Ko,135.0Ko,10,165.0Ko,10,"  0.0Ko",0,,24,33,2,0,0,0,0,B,1,A,
126,R.,"R27     ",047.0Ko," 47.0Ko"," 46.5Ko"," 42.3Ko",10," 51.7Ko",10,"  0.0Ko",0,,105,104,0,0,0,0,0,E,1,A,
127,R.,"R28     ","3.00Ko "," 3.00Ko"," 3.07Ko"," 2.70Ko",10," 3.30Ko",10," 0.00Ko",0,,117,97,103,0,0,0,0,D,1,A,
128,R.,"R29     ",030.0Ko," 30.0Ko"," 29.8Ko"," 27.0Ko",10," 33.0Ko",10,"  0.0Ko",0,,103,105,0,0,0,0,0,E,1,A,
129,R.,"R30     ",03.30Ko," 3.30Ko"," 3.29Ko"," 2.97Ko",10," 3.63Ko",10," 0.00Ko",0,,103,119,0,0,0,0,0,E,1,A,
130,R.,"R31     ","39.0Ko "," 39.0Ko"," 39.1Ko"," 35.1Ko",10," 42.9Ko",10,"  0.0Ko",0,,103,97,117,0,0,0,0,D,1,A,
131,R.,"R32     ",06.20Ko," 6.20Ko"," 6.19Ko"," 5.58Ko",10," 6.82Ko",10," 0.00Ko",0,,103,123,0,0,0,0,0,E,1,A,
132,R.,"R33     ",047.0Ko," 47.0Ko"," 46.9Ko"," 42.3Ko",10," 51.7Ko",10,"  0.0Ko",0,,11,107,109,0,0,0,0,E,1,A,
133,"R. HS","R34     ","3.00Ko "," 3.00Ko"," 3.11Ko"," 2.70Ko",10," 3.30Ko",10," 0.00Ko",20,,98,99,11,0,0,0,0,D,1,A,
134,R.,"R35     ","39.0Ko "," 39.0Ko"," 38.2Ko"," 35.1Ko",10," 42.9Ko",10,"  0.0Ko",0,,148,99,98,0,0,0,0,D,1,A,
135,R.,"R36     ",030.0Ko,30.00Ko,29.99Ko,27.00Ko,10,33.00Ko,10," 0.00Ko",10,,107,109,10,0,0,0,0,E,1,A,
136,R.,"R37     ",15.00Ko,15.00Ko,14.99Ko,13.50Ko,10,16.50Ko,10," 0.00Ko",0,,10,109,107,0,0,0,0,E,1,A,
137,R.,"R38     ","3.00Ko "," 3.00Ko"," 3.05Ko"," 2.70Ko",10," 3.30Ko",10," 0.00Ko",0,,115,114,103,0,0,0,0,D,1,A,
138,R.,"R39     ",12.00Ko,12.00Ko,12.01Ko,10.80Ko,10,13.20Ko,10," 0.00Ko",0,,110,122,124,0,0,0,0,E,1,A,
139,R.,"R40     ","39.0Ko "," 39.0Ko"," 39.1Ko"," 35.1Ko",10," 42.9Ko",10,"  0.0Ko",0,,103,114,115,0,0,0,0,E,1,A,
140,R.,"R41     ","39.0Ko "," 39.0Ko"," 38.2Ko"," 35.1Ko",10," 42.9Ko",10,"  0.0Ko",0,,147,113,112,0,0,0,0,E,1,A,
141,R.,"R42     ","3.00Ko "," 3.00Ko"," 3.07Ko"," 2.70Ko",10," 3.30Ko",10," 0.00Ko",0,,111,108,103,0,0,0,0,E,1,A,
142,"R. HS","R43     ","39.0Ko "," 39.0Ko"," 40.6Ko"," 35.1Ko",10," 42.9Ko",10,"  0.0Ko",20,,108,103,111,0,0,0,0,E,1,A,
143,R.,"R44     ",15.00Ko,15.00Ko,14.93Ko,13.50Ko,10,16.50Ko,10," 0.00Ko",0,,10,124,0,0,0,0,0,E,1,A,
144,R.,"R45     ",12.00Ko,12.00Ko,11.96Ko,10.80Ko,10,13.20Ko,10," 0.00Ko",0,,124,122,0,0,0,0,0,E,1,A,
145,R.,"R46     ",05.10Ko," 5.10Ko"," 5.09Ko"," 4.59Ko",10," 5.61Ko",10," 0.00Ko",0,,133,134,0,0,0,0,0,E,2,A,
146,R.,"R47     ",05.10Ko," 5.10Ko"," 5.09Ko"," 4.59Ko",10," 5.61Ko",10," 0.00Ko",0,,133,135,0,0,0,0,0,E,2,A,
147,R.,"R50     ","3.00Ko "," 3.00Ko"," 2.96Ko"," 2.70Ko",10," 3.30Ko",10," 0.00Ko",0,,113,112,147,0,0,0,0,E,1,A,
148,R.,"R53     ",05.10Ko," 5.10Ko"," 5.09Ko"," 4.59Ko",10," 5.61Ko",10," 0.00Ko",0,,133,136,0,0,0,0,0,E,2,A,
149,R.,"R54     ",05.10Ko," 5.10Ko"," 5.09Ko"," 4.59Ko",10," 5.61Ko",10," 0.00Ko",0,,133,142,0,0,0,0,0,E,2,A,
150,R.,"R55     ",10.00Ko,10.00Ko," 9.98Ko"," 9.00Ko",10,11.00Ko,10," 0.00Ko",0,,133,144,0,0,0,0,0,E,2,A,
151,"R. HS","R57     ",051.0Ko," 51.0Ko"," 51.7Ko"," 45.9Ko",10," 56.1Ko",10,"  0.0Ko",20,,39,34,0,0,0,0,0,B,1,A,
152,R.,"R58/NC  ","NC     ",0.000Ko,0.000Ko,0.000Ko,10,0.000Ko,10,0.000Ko,0,,11,144,0,0,0,0,0,E,2,A,,*
153,R.,"R59     ","0.005 o"," 5.00 o"," 1.12 o",--------,*," 5.00 o",0," 0.00 o",0,,11,197,0,0,0,0,0,D,1,A,
154,R.,"R60     ","0.006 o"," 5.00 o"," 1.03 o",--------,*," 5.00 o",0," 0.00 o",0,,11,196,0,0,0,0,0,D,1,A,
155,R.,"R61     ","0.006 o"," 5.00 o"," 1.03 o",--------,*," 5.00 o",0," 0.00 o",0,,11,198,0,0,0,0,0,D,1,A,
156,R.,"R62     ","100.0 o","100.0 o","101.4 o"," 90.0 o",10,"110.0 o",10,"  0.0 o",0,,116,11,0,0,0,0,0,E,1,A,
157,R.,"R63     ","100.0 o","100.0 o","101.3 o"," 90.0 o",10,"110.0 o",10,"  0.0 o",0,,117,198,0,0,0,0,0,E,1,A,
158,R.,"R64     ","11.00 o","11.00 o","10.82 o"," 9.90 o",10,"12.10 o",10,"-1.00 o",0,,35,38,0,0,0,0,0,B,1,A,
159,R.,"R65     ",1.000Ko,1.000Ko,1.002Ko,0.900Ko,10,1.100Ko,10,0.000Ko,0,,4,41,0,0,0,0,0,B,1,A,
160,R.,"R66     ",0.200Ko,0.200Ko,0.202Ko,0.180Ko,10,0.220Ko,10,0.000Ko,0,,151,203,0,0,0,0,0,E,2,A,
161,R.,"R67     ",10.00Ko,10.00Ko," 9.98Ko"," 9.00Ko",10,11.00Ko,10," 0.00Ko",0,,5,67,0,0,0,0,0,C,2,A,
162,R.,"R68     ",0.750Ko,0.750Ko,0.751Ko,0.675Ko,10,0.825Ko,10,0.000Ko,0,,5,68,0,0,0,0,0,C,2,A,
163,R.,"R69/NC  ","NC     ",0.000Ko,0.000Ko,0.000Ko,10,0.000Ko,10,0.000Ko,0,,11,203,0,0,0,0,0,E,2,A,,*
164,R.,"R70     ",0.200Ko,0.200Ko,0.201Ko,0.180Ko,10,0.220Ko,10,0.000Ko,0,,152,204,0,0,0,0,0,E,2,A,
165,R.,"R71/NC  ","NC     ",0.000Ko,0.000Ko,0.000Ko,10,0.000Ko,10,0.000Ko,0,,11,204,0,0,0,0,0,E,2,A,,*
166,R.,"R72/NC  ","NC     ",0.000Ko,0.000Ko,0.000Ko,10,0.000Ko,10,0.000Ko,0,,5,70,0,0,0,0,0,C,2,A,,*
167,R.,"R73     ",03.30Ko,3.300Ko,3.263Ko,2.970Ko,10,3.630Ko,10,0.000Ko,0,,121,149,120,11,0,0,0,E,1,A,
168,R.,"R74     ",03.30Ko,3.300Ko,3.252Ko,2.970Ko,10,3.630Ko,10,0.000Ko,0,,121,148,120,11,0,0,0,E,1,A,
169,R.,"R75     ",03.30Ko,3.300Ko,3.245Ko,2.970Ko,10,3.630Ko,10,0.000Ko,0,,121,147,120,11,0,0,0,E,1,A,
170,R.,"R76     ",0.200Ko,0.200Ko,0.200Ko,0.180Ko,10,0.220Ko,10,0.000Ko,0,,154,205,0,0,0,0,0,E,2,A,
171,R.,"R77/NC  ","NC     ",0.000Ko,0.000Ko,0.000Ko,10,0.000Ko,10,0.000Ko,0,,11,205,0,0,0,0,0,E,2,A,,*
172,R.,"R78     ",1.000Ko,1.000Ko,1.001Ko,0.900Ko,10,1.100Ko,10,0.000Ko,0,,103,126,0,0,0,0,0,E,1,A,
173,"R. HS","R79     ",03.30Ko,3.300Ko,3.106Ko,2.970Ko,10,3.630Ko,10,0.000Ko,10,,11,121,98,0,0,0,0,E,1,A,
174,R.,"R80/NC  ","NC     ",0.000Ko,0.000Ko,0.000Ko,10,0.000Ko,10,0.000Ko,0,,11,143,0,0,0,0,0,E,1,A,,*
175,R.,"R81     ",0.200Ko,0.200Ko,0.200Ko,0.180Ko,10,0.220Ko,10,0.000Ko,0,,156,159,0,0,0,0,0,E,2,A,
176,R.,"R82/NC  ","NC     ",0.000Ko,0.000Ko,0.000Ko,10,0.000Ko,10,0.000Ko,0,,11,159,0,0,0,0,0,E,2,A,,*
177,"R. HS","R83     ",051.0Ko," 51.0Ko"," 52.1Ko"," 45.9Ko",10," 56.1Ko",10,"  0.0Ko",20,,143,133,0,0,0,0,0,E,1,A,
178,R.,"R84     ",0.200Ko,0.200Ko,0.200Ko,0.180Ko,10,0.220Ko,10,0.000Ko,0,,157,160,0,0,0,0,0,E,2,A,
179,R.,"R85/NC  ","NC     ",0.000Ko,0.000Ko,0.000Ko,10,0.000Ko,10,0.000Ko,0,,11,160,0,0,0,0,0,E,2,A,,*
180,R.,"R86     ",0.200Ko,0.200Ko,0.200Ko,0.180Ko,10,0.220Ko,10,0.000Ko,0,,158,161,0,0,0,0,0,E,2,A,
181,R.,"R87/NC  ","NC     ",0.000Ko,0.000Ko,0.000Ko,10,0.000Ko,10,0.000Ko,0,,11,161,0,0,0,0,0,E,2,A,,*
182,R.,"R88     ",05.10Ko," 5.10Ko"," 5.08Ko"," 4.59Ko",10," 5.61Ko",10," 0.00Ko",0,,133,141,0,0,0,0,0,E,1,A,
183,R.,"R89     ",05.10Ko," 5.10Ko"," 5.09Ko"," 4.59Ko",10," 5.61Ko",10," 0.00Ko",0,,81,82,0,0,0,0,0,C,2,A,
184,"R. HS","R90/R91 ",1.500Ko,0.750Ko,0.725Ko,0.675Ko,10,0.825Ko,10,0.000Ko,20,,128,10,131,0,0,0,0,E,1,A,
185,"R. HS","R91/R90 ",1.500Ko,0.750Ko,0.730Ko,0.675Ko,10,0.825Ko,10,0.000Ko,20,,128,10,131,0,0,0,0,E,1,A,
186,"R. HS","R92     ",15.00Ko,15.00Ko,15.18Ko,13.50Ko,10,16.50Ko,10," 0.00Ko",0,,75,6,79,0,0,0,0,B,2,A,
187,"R. HS","R93     ",12.00Ko,12.00Ko,12.21Ko,10.80Ko,10,13.20Ko,10," 0.00Ko",0,,75,79,6,0,0,0,0,C,2,A,
188,"R. HS","R94     ",12.00Ko,12.00Ko,12.14Ko,10.80Ko,10,13.20Ko,10," 0.00Ko",0,,77,6,79,0,0,0,0,C,2,A,
189,"R. HS","R95     ",05.10Ko," 5.10Ko"," 5.16Ko"," 4.59Ko",10," 5.61Ko",10," 0.00Ko",0,,131,128,11,0,0,0,0,E,1,A,
190,"R. HS","R96     ",12.00Ko,12.00Ko,12.21Ko,10.80Ko,10,13.20Ko,10," 0.00Ko",50,,77,79,6,0,0,0,0,C,2,A,
191,R.,"R97     ",033.0Ko," 33.0Ko"," 32.8Ko"," 29.7Ko",10," 36.3Ko",10,"  0.0Ko",0,,77,76,0,0,0,0,0,C,2,A,
192,"R. HS","R98     ",07.50Ko," 7.50Ko"," 7.08Ko"," 6.75Ko",10," 8.25Ko",10," 0.00Ko",0,,78,79,0,0,0,0,0,C,2,A,
193,"R. HS","R99     ",05.10Ko," 5.10Ko"," 5.16Ko"," 4.59Ko",10," 5.61Ko",10," 0.00Ko",10,,131,11,128,0,0,0,0,E,1,A,
194,R.,"R101    ",1.000Ko,1.000Ko,0.998Ko,0.900Ko,10,1.100Ko,10,0.000Ko,0,,34,19,0,0,0,0,0,B,1,A,
195,R.,R102/R14,"120.0 o"," 30.0 o"," 31.5 o"," 27.0 o",10," 33.0 o",10,"  0.0 o",0,,29,28,0,0,0,0,0,B,1,A,
196,R.,R103/R14,"120.0 o"," 30.0 o"," 31.4 o"," 27.0 o",10," 33.0 o",10,"  0.0 o",0,,29,28,0,0,0,0,0,B,1,A,
197,R.,"R104    ",16.00Ko,16.00Ko,15.38Ko,14.40Ko,10,17.60Ko,10," 0.00Ko",0,,1,26,0,0,0,0,0,B,1,A,
198,R.,"R105    ",150.0Ko,150.0Ko,149.2Ko,135.0Ko,10,165.0Ko,10,"  0.0Ko",0,,26,24,33,0,0,0,0,B,1,A,
199,R.,"R106    ",022.0Ko," 22.0Ko"," 21.9Ko"," 19.8Ko",10," 24.2Ko",10,"  0.0Ko",0,,2,21,34,0,0,0,0,B,1,A,
200,R.,"R107    ",1.200Ko,1.200Ko,1.171Ko,1.080Ko,10,1.320Ko,10,0.000Ko,0,,12,22,0,0,0,0,0,B,1,A,
201,R.,"R108    ","03.30 o"," 3.30 o"," 3.06 o"," 2.97 o",10," 3.63 o",10,"-1.00 o",0,,4,31,0,0,0,0,0,C,1,A,
202,R.,"R109    ",03.30Ko,3.300Ko,3.191Ko,2.970Ko,10,3.630Ko,10,0.000Ko,0,,11,125,0,0,0,0,0,E,1,A,
203,R.,"R110    ","100.0 o","100.0 o","100.6 o"," 90.0 o",10,"110.0 o",10,"  0.0 o",0,,3,32,0,0,0,0,0,B,1,A,
204,R.,"R111    ",150.0Ko,150.0Ko,148.7Ko,135.0Ko,10,165.0Ko,10,"  0.0Ko",0,,2,33,24,0,0,0,0,B,1,A,
205,R.,"R112    ",05.10Ko," 5.10Ko"," 5.08Ko"," 4.59Ko",10," 5.61Ko",10," 0.00Ko",0,,133,137,0,0,0,0,0,E,2,A,
206,R.,"R113    ",05.10Ko," 5.10Ko"," 5.09Ko"," 4.59Ko",10," 5.61Ko",10," 0.00Ko",0,,133,138,0,0,0,0,0,E,2,A,
207,R.,"R114    ","100.0 o","100.0 o","101.2 o"," 90.0 o",10,"110.0 o",10,"  0.0 o",0,,111,196,0,0,0,0,0,E,1,A,
208,R.,"R115    ","100.0 o","100.0 o","101.0 o"," 90.0 o",10,"110.0 o",10,"  0.0 o",0,,11,112,0,0,0,0,0,E,1,A,
209,R.,"R116    ","100.0 o","100.0 o","101.2 o"," 90.0 o",10,"110.0 o",10,"  0.0 o",0,,115,197,0,0,0,0,0,E,1,A,
210,R.,"R117    ","100.0 o","100.0 o","101.2 o"," 90.0 o",10,"110.0 o",10,"  0.0 o",0,,11,98,0,0,0,0,0,E,1,A,
211,R.,"R118    ",05.10Ko," 5.10Ko"," 5.08Ko"," 4.59Ko",10," 5.61Ko",10," 0.00Ko",0,,133,139,0,0,0,0,0,E,2,A,
212,R.,"R119    ",0.200Ko,0.200Ko,0.188Ko,0.180Ko,10,0.220Ko,10,0.000Ko,0,,37,40,0,0,0,0,0,B,1,A,
213,"R. HS","R120    ","2.40Ko "," 2.40Ko"," 2.32Ko"," 2.16Ko",10," 2.64Ko",10," 0.00Ko",0,,37,1,40,0,0,0,0,B,1,A,
214,R.,"R121    ",0.470Ko,0.470Ko,0.461Ko,0.423Ko,10,0.517Ko,10,0.000Ko,0,,153,201,0,0,0,0,0,E,2,A,
215,R.,"R122    ",03.00Ko,3.000Ko,2.968Ko,2.700Ko,10,3.300Ko,10,0.000Ko,0,,11,201,153,0,0,0,0,E,2,A,
216,R.,"R123    ","033.0 o"," 33.0 o"," 33.9 o"," 29.7 o",10," 36.3 o",10,"  0.0 o",0,,5,59,0,0,0,0,0,C,1,A,
217,R.,"R124/NC ","NC     ",0.000Ko,0.000Ko,0.000Ko,10,0.000Ko,10,0.000Ko,0,,2,12,0,0,0,0,0,A,1,A,,*
218,R.,"R125    ","0.003 o"," 5.00 o"," 0.77 o",--------,*," 5.00 o",0," 0.00 o",0,,2,12,0,0,0,0,0,A,1,A,
219,R.,"R126    ",1.000Ko,1.000Ko,1.001Ko,0.900Ko,10,1.100Ko,10,0.000Ko,0,,200,140,0,0,0,0,0,E,1,A,
220,R.,"R127    ",05.10Ko," 5.10Ko"," 5.09Ko"," 4.59Ko",10," 5.61Ko",10," 0.00Ko",0,,11,200,0,0,0,0,0,E,1,A,
221,"R. HS","R128    ",1.000Ko,1.000Ko,0.965Ko,0.900Ko,10,1.100Ko,10,0.000Ko,0,,61,5,0,0,0,0,0,C,1,A,
222,"R. HS","R129    ",02.20Ko,2.200Ko,2.259Ko,1.980Ko,10,2.420Ko,10,0.000Ko,0,,40,5,37,0,0,0,0,B,1,A,
223,R.,"R130    ",04.70Ko," 4.70Ko"," 4.63Ko"," 4.23Ko",10," 5.17Ko",10," 0.00Ko",0,,63,1,0,0,0,0,0,C,2,A,
224,R.,"R131    ",0.750Ko,0.750Ko,0.751Ko,0.675Ko,10,0.825Ko,10,0.000Ko,0,,42,69,0,0,0,0,0,B,2,A,
225,R.,R132/R133,05.60Ko,2.800Ko,2.775Ko,2.520Ko,10,3.080Ko,10,0.000Ko,0,,41,62,0,0,0,0,0,B,2,A,
226,R.,R133/R132,05.60Ko,2.800Ko,2.777Ko,2.520Ko,10,3.080Ko,10,0.000Ko,0,,41,62,0,0,0,0,0,B,2,A,
227,R.,"R134    ",05.10Ko," 5.10Ko"," 5.08Ko"," 4.59Ko",10," 5.61Ko",10," 0.00Ko",0,,133,202,0,0,0,0,0,E,2,A,
228,R.,"R135    ",150.0Ko,150.0Ko,148.8Ko,135.0Ko,10,165.0Ko,10,"  0.0Ko",0,,2,13,0,0,0,0,0,A,2,A,
229,R.,"R136    ",03.00Ko,3.000Ko,2.966Ko,2.700Ko,10,3.300Ko,10,0.000Ko,0,,104,132,0,0,0,0,0,E,1,A,
230,R.,"R137    ",150.0Ko,150.0Ko,149.3Ko,135.0Ko,10,165.0Ko,10,"  0.0Ko",0,,14,13,2,0,0,0,0,A,2,A,
231,R.,"R138    ",0.430Ko,0.430Ko,0.432Ko,0.387Ko,10,0.473Ko,10,0.000Ko,0,,129,132,0,0,0,0,0,E,1,A,
232,R.,"R139/NC ","NC     ",0.000Ko,0.000Ko,0.000Ko,10,0.000Ko,10,0.000Ko,0,,11,129,0,0,0,0,0,E,1,A,,*
233,R.,"R140/NC ","NC     ",0.000Ko,0.000Ko,0.000Ko,10,0.000Ko,10,0.000Ko,0,,71,81,0,0,0,0,0,C,2,A,,*
234,R.,"R145    ",03.00Ko,3.000Ko,3.060Ko,2.700Ko,10,3.300Ko,10,0.000Ko,0,,11,130,128,0,0,0,0,E,1,A,
235,R.,"R146    ",0.750Ko,0.750Ko,0.751Ko,0.675Ko,10,0.825Ko,10,0.000Ko,0,,81,73,0,0,0,0,0,C,2,A,
236,R.,"R147    ",10.00Ko,10.00Ko," 9.94Ko"," 9.00Ko",10,11.00Ko,10," 0.00Ko",0,,81,72,0,0,0,0,0,C,2,A,
237,R.,"R148    ",02.40Ko,2.400Ko,2.432Ko,2.160Ko,10,2.640Ko,10,0.000Ko,0,,128,130,11,0,0,0,0,E,1,A,
238,R.,"R149    ",043.0Ko," 43.0Ko"," 42.9Ko"," 38.7Ko",10," 47.3Ko",10,"  0.0Ko",0,,130,127,0,0,0,0,0,E,1,A,
239,R.,"R150    ",0.750Ko,0.750Ko,0.754Ko,0.675Ko,10,0.825Ko,10,0.000Ko,0,,72,74,0,0,0,0,0,C,2,A,
240,R.,"R151    ",100.0Ko,100.0Ko," 98.9Ko"," 90.0Ko",10,110.0Ko,10,"  0.0Ko",10,,78,46,79,0,0,0,0,C,2,A,
241,R.,"R152    ","120.0 o","120.0 o","121.1 o","108.0 o",10,"132.0 o",10,"  0.0 o",0,,47,46,0,0,0,0,0,B,2,A,
242,"R. HS","R153    ",04.70Ko," 4.70Ko"," 4.47Ko"," 4.23Ko",10," 5.17Ko",10," 0.00Ko",0,,79,7,77,75,0,0,0,C,2,A,
243,R.,"R154    ",150.0Ko,150.0Ko,149.6Ko,135.0Ko,10,165.0Ko,10,"  0.0Ko",0,,14,15,13,0,0,0,0,A,2,A,
244,R.,"R155    ",1.000Ko,1.000Ko,0.999Ko,0.900Ko,10,1.100Ko,10,0.000Ko,0,,81,80,0,0,0,0,0,C,2,A,
245,R.,"R157    ",027.0Ko," 27.0Ko"," 26.8Ko"," 24.3Ko",10," 29.7Ko",10,"  0.0Ko",0,,88,87,9,0,0,0,0,C,3,A,
246,R.,"R159    ",08.20Ko," 8.20Ko"," 8.19Ko"," 7.38Ko",10," 9.02Ko",10," 0.00Ko",0,,9,88,0,0,0,0,0,C,3,A,
247,R.,"R200    ","JUMPER "," 5.00 o"," 0.83 o",--------,*," 5.00 o",0," 0.00 o",0,,27,32,0,0,0,0,0,B,1,A,
248,R.,"R202    ","JUMPER "," 5.00 o"," 0.81 o",--------,*," 5.00 o",0," 0.00 o",0,,70,66,0,0,0,0,0,C,2,A,
249,"R. HS","1R/1C   ",10.00Ko," 10.0Ko"," 10.2Ko","  7.0Ko",30," 11.0Ko",10,"  0.0Ko",200,,6,7,79,0,0,0,0,C,2,A,
250,"R. HS","2R/2C   ",10.00Ko," 10.0Ko","  7.9Ko","  7.0Ko",30," 11.0Ko",10,"  0.0Ko",300,,9,8,88,0,0,0,0,C,3,A,
251,R.,"7R1     ",04.70Ko," 4.70Ko"," 4.69Ko"," 4.23Ko",10," 5.17Ko",10," 0.00Ko",0,,45,84,0,0,0,0,0,B,2,A,
252,R.,"7R2     ",0.510Ko,0.510Ko,0.510Ko,0.459Ko,10,0.561Ko,10,0.000Ko,0,,8,45,0,0,0,0,0,B,2,A,
253,R.,"8R1     ",04.70Ko," 4.70Ko"," 4.67Ko"," 4.23Ko",10," 5.17Ko",10," 0.00Ko",0,,44,85,0,0,0,0,0,C,2,A,
254,R.,"8R2     ",0.510Ko,0.510Ko,0.510Ko,0.459Ko,10,0.561Ko,10,0.000Ko,0,,8,44,0,0,0,0,0,B,2,A,
255,"R. HS","13R     ",68.00Ko," 68.0Ko"," 68.1Ko"," 61.2Ko",10," 74.8Ko",10,"  0.0Ko",50,,57,5,1,0,0,0,0,C,1,A,
256,R.,"15R     ",0.510Ko,0.510Ko,0.511Ko,0.459Ko,10,0.561Ko,10,0.000Ko,0,,5,58,0,0,0,0,0,C,1,A,
257,R.,"16R     ",1.500Ko,1.500Ko,1.498Ko,1.350Ko,10,1.650Ko,10,0.000Ko,0,,58,36,0,0,0,0,0,C,1,A,
258,R.,"17R     ",10.00Ko,10.00Ko," 9.91Ko"," 9.00Ko",10,11.00Ko,10," 0.00Ko",0,,60,1,0,0,0,0,0,B,1,A,
259,"R. HS","26R     ",051.0Ko," 51.0Ko"," 51.3Ko"," 45.9Ko",10," 56.1Ko",10,"  0.0Ko",50,,57,1,5,0,0,0,0,C,1,A,
260,NOP,INDUCTOR,*******,--------,--------,--------,0,--------,0,--------,0,,0,0,0,0,0,0,0,*,*,A,,*
261,R.,"1T -1   ","1T     "," 5.00 o"," 1.15 o",--------,*," 5.00 o",0," 0.00 o",0,,2,49,0,0,0,0,0,B,2,A,
262,R.,"1T -3   ","1T     "," 5.00 o"," 1.84 o",--------,*," 5.00 o",0," 0.00 o",0,,2,38,0,0,0,0,0,B,2,A,
263,R.,"1T -5   ","1T     "," 5.00 o"," 1.46 o",--------,*," 5.00 o",0," 0.00 o",0,,49,38,0,0,0,0,0,B,2,A,
264,R.,"1T -7   ","1T     "," 5.00 o"," 0.77 o",--------,*," 5.00 o",0," 0.00 o",0,,51,52,0,0,0,0,0,B,2,A,
265,R.,"1T -8   ","1T     "," 5.00 o"," 0.84 o",--------,*," 5.00 o",0," 0.00 o",0,,51,1,0,0,0,0,0,B,2,A,
266,R.,"1T -9   ","1T     "," 5.00 o"," 0.80 o",--------,*," 5.00 o",0," 0.00 o",0,,52,1,0,0,0,0,0,B,2,A,
267,R.,"1T 10   ","1T     "," 5.00 o"," 0.85 o",--------,*," 5.00 o",0," 0.00 o",0,,8,53,0,0,0,0,0,B,2,A,
268,R.,"1T 11   ","1T     "," 5.00 o"," 0.83 o",--------,*," 5.00 o",0," 0.00 o",0,,6,50,0,0,0,0,0,B,2,A,
269,NOP,........,.......,--------,--------,--------,0,--------,0,--------,0,,0,0,0,0,0,0,0,*,*,A,,*
270,R.,"FL1     ","FL1    "," 5.00 o"," 0.83 o",--------,*," 5.00 o",0," 0.00 o",0,,27,32,0,0,0,0,0,B,1,A,
271,NOP,CON*****,*******,--------,--------,--------,0,--------,0,--------,0,,0,0,0,0,0,0,0,*,*,A,,*
272,J.,"CN3 -1  ","P*1-2  "," OPEN  "," OPEN  ",--------,0,--------,0,--------,0,,71,6,0,0,0,0,0,C,2,A,
273,J.,"CN3 -2  ","P*2-3  "," OPEN  "," OPEN  ",--------,0,--------,0,--------,0,,6,72,0,0,0,0,0,C,2,A,
274,J.,"CN3 -3  ","P*3-4  "," OPEN  "," OPEN  ",--------,0,--------,0,--------,0,,72,6,0,0,0,0,0,C,2,A,
275,J.,"CN3 -4  ","P*4-5  "," OPEN  "," OPEN  ",--------,0,--------,0,--------,10,,6,7,0,0,0,0,0,C,2,A,
276,J.,"CN3 -5  ","P*5-6  "," OPEN  "," OPEN  ",--------,0,--------,0,--------,0,,7,81,0,0,0,0,0,C,2,A,
277,J.,"CN3 -6  ","P*6-7  "," OPEN  "," OPEN  ",--------,0,--------,0,--------,0,,81,82,0,0,0,0,0,C,2,A,
278,J.,"CN3 -7  ","P*7-8  "," OPEN  "," OPEN  ",--------,0,--------,0,--------,0,,82,83,0,0,0,0,0,C,2,A,
279,J.,"CN3 -8  ","P*8-9  "," OPEN  "," OPEN  ",--------,0,--------,0,--------,0,,83,84,0,0,0,0,0,C,2,A,
280,J.,"CN3 -9  ","P*9-10 "," OPEN  "," OPEN  ",--------,0,--------,0,--------,0,,84,85,0,0,0,0,0,C,2,A,
281,J.,"CN3 10  ",P*10-11," OPEN  "," OPEN  ",--------,0,--------,0,--------,0,,85,8,0,0,0,0,0,C,2,A,
282,J.,"CN3 11  ",P*11-12," OPEN  "," OPEN  ",--------,0,--------,0,--------,10,,8,9,0,0,0,0,0,C,2,A,
283,J.,"CN3 12  ","P*12-1 "," OPEN  "," OPEN  ",--------,0,--------,0,--------,0,,9,71,0,0,0,0,0,C,2,A,
284,NOP,........,.......,--------,--------,--------,0,--------,0,--------,0,,0,0,0,0,0,0,0,*,*,A,,*
285,J.,"CN6     ","CN6    "," OPEN  "," OPEN  ",--------,0,--------,0,--------,0,,8,43,0,0,0,0,0,B,2,A,
286,J.,"CN8/NP  ","CN8    "," OPEN  ",-------,--------,0,--------,0,--------,0,,11,0,0,0,0,0,0,C,2,A,,*
287,J.,"CN9/NP  ","CN9    "," OPEN  ",-------,--------,0,--------,0,--------,0,,195,0,0,0,0,0,0,C,1,A,,*
288,J.,"CN10/NP ","CN10   "," OPEN  ",-------,--------,0,--------,0,--------,0,,164,0,0,0,0,0,0,C,1,A,,*
289,J.,"CN22/NP ","CN22   "," OPEN  ",-------,--------,0,--------,0,--------,0,,86,0,0,0,0,0,0,C,3,A,,*
290,J.,"CN133-1 ",CN133-1," OPEN  "," OPEN  ",--------,0,--------,0,--------,0,,89,101,0,0,0,0,0,C,3,A,
291,J.,"CN133-2 ",CN133-2," OPEN  "," OPEN  ",--------,0,--------,0,--------,0,,101,100,0,0,0,0,0,D,3,A,
292,J.,"CN133-3 ",CN133-3," OPEN  "," OPEN  ",--------,0,--------,0,--------,0,,100,89,0,0,0,0,0,D,3,A,
293,NOP,........,.......,--------,--------,--------,0,--------,0,--------,0,,0,0,0,0,0,0,0,*,*,A,,*
294,J.,"TB1-1 -1","P*1-2  "," OPEN  "," OPEN  ",--------,0,--------,0,--------,0,,89,100,0,0,0,0,0,D,3,A,
295,J.,"TB1-1 -2","P*2-3  "," OPEN  "," OPEN  ",--------,0,--------,0,--------,0,,100,101,0,0,0,0,0,D,3,A,
296,J.,"TB1-1 -3","P*3-1  "," OPEN  "," OPEN  ",--------,0,--------,0,--------,0,,101,1,0,0,0,0,0,D,3,A,
297,NOP,........,.......,--------,--------,--------,0,--------,0,--------,0,,0,0,0,0,0,0,0,*,*,A,,*
298,J.,"TB1-2 -1","P*1-2  "," OPEN  "," OPEN  ",--------,0,--------,0,--------,0,,1,17,0,0,0,0,0,B,3,A,
299,J.,"TB1-2 -2","P*2-3  "," OPEN  "," OPEN  ",--------,0,--------,0,--------,0,,17,16,0,0,0,0,0,B,3,A,
300,J.,"TB1-2 -3","P*3-1  "," OPEN  "," OPEN  ",--------,0,--------,0,--------,0,,16,164,0,0,0,0,0,B,3,A,
301,NOP,........,.......,--------,--------,--------,0,--------,0,--------,0,,0,0,0,0,0,0,0,*,*,A,,*
302,J.,"TB1-3 -1","P*1-2  "," OPEN  "," OPEN  ",--------,0,--------,0,--------,0,,164,163,0,0,0,0,0,E,3,A,
303,J.,"TB1-3 -2","P*2-3  "," OPEN  "," OPEN  ",--------,0,--------,0,--------,0,,163,162,0,0,0,0,0,E,3,A,
304,J.,"TB1-3 -3","P*3-4  "," OPEN  "," OPEN  ",--------,0,--------,0,--------,0,,162,166,0,0,0,0,0,E,3,A,
305,J.,"TB1-3 -4","P*4-5  "," OPEN  "," OPEN  ",--------,0,--------,0,--------,0,,166,165,0,0,0,0,0,E,3,A,
306,J.,"TB1-3 -5","P*5-1  "," OPEN  "," OPEN  ",--------,0,--------,0,--------,0,,165,89,0,0,0,0,0,E,3,A,
307,NOP,RELAY***,*******,--------,--------,--------,0,--------,0,--------,0,,0,0,0,0,0,0,0,*,*,A,,*
308,L.,"K1/L    ","K1     "," 60.0mH"," 53.0mH"," 42.0mH",30," 78.0mH",30,"  0.0mH",0,,1,29,0,0,0,0,0,B,2,A,
309,J.,"K1 -1   ","P*1-2  "," OPEN  "," OPEN  ",--------,0,--------,0,--------,0,,2,16,0,0,0,0,0,B,2,A,
310,J.,"K1 -2   ","P*2-3  "," OPEN  "," OPEN  ",--------,0,--------,0,--------,0,,16,29,0,0,0,0,0,B,2,A,
311,J.,"K1 -3   ","P*3-4  "," OPEN  "," OPEN  ",--------,0,--------,0,--------,0,,29,1,0,0,0,0,0,B,2,A,
312,J.,"K1 -4   ","P*4-1  "," OPEN  "," OPEN  ",--------,0,--------,0,--------,10,,1,2,0,0,0,0,0,B,2,A,
313,NOP,........,.......,--------,--------,--------,0,--------,0,--------,0,,0,0,0,0,0,0,0,*,*,A,,*
314,"C. AC","1XX/NC  ",0.500nF,0.500nF,0.000nF,0.350nF,30,0.650nF,30,0.000nF,0,,89,90,0,0,0,0,0,C,3,A,,*
315,"C. AC","2XX/NC  ","45.0pF "," 45.0pF","  0.0pF"," 31.5pF",30," 58.5pF",30,"  0.0pF",0,,101,90,0,0,0,0,0,D,2,A,,*
316,"C. AC","3XX/NC  ",100.0pF,100.0pF,"  0.0pF"," 70.0pF",30,130.0pF,30,"  0.0pF",0,,100,90,0,0,0,0,0,D,2,A,,*
317,NOP,........,.......,--------,--------,--------,0,--------,0,--------,0,,0,0,0,0,0,0,0,*,*,A,,*
318,R.,"RT1     ","RT1    "," 33.0 o"," 34.2 o"," 23.1 o",30," 42.9 o",30,"  0.0 o",0,,2,16,0,0,0,0,0,B,2,A,
319,NOP,DIODE***,*******,--------,--------,--------,0,--------,0,--------,0,,0,0,0,0,0,0,0,*,*,A,,*
320,D.,"1D      ","D2FL40 "," 0.60 V"," 0.58 V"," 0.42 V",30," 0.78 V",30," 0.00 V",20,3.3V,50,7,0,0,0,0,0,B,2,A,
321,D.,"2D      ","D2FL40 "," 0.60 V"," 0.58 V"," 0.42 V",30," 0.78 V",30," 0.00 V",20,2.0V,53,9,0,0,0,0,0,B,3,A,
322,D.,"D2      ","BAS316 "," 0.80 V"," 0.76 V"," 0.56 V",30," 1.04 V",30," 0.00 V",0,2.0V,55,25,0,0,0,0,0,B,1,A,
323,D.,"D3      ","CMF01  "," 0.60 V"," 0.57 V"," 0.42 V",30," 0.78 V",30," 0.00 V",0,2.0V,91,165,0,0,0,0,0,D,1,A,
324,D.,"D4      ","CMF01  "," 0.60 V"," 0.57 V"," 0.42 V",30," 0.78 V",30," 0.00 V",0,2.0V,11,165,0,0,0,0,0,D,1,A,
325,D.,"D5 -1   ","BAV99  "," 0.80 V"," 0.70 V"," 0.56 V",30," 1.04 V",30," 0.00 V",0,2.0V,11,111,0,0,0,0,0,E,1,A,
326,D.,"D5 -2   ","BAV99  "," 0.80 V"," 0.71 V"," 0.56 V",30," 1.04 V",30," 0.00 V",0,2.0V,111,10,0,0,0,0,0,E,1,A,
327,D.,"D6 -1   ","BAV99  "," 0.80 V"," 0.70 V"," 0.56 V",30," 1.04 V",30," 0.00 V",0,2.0V,11,112,0,0,0,0,0,E,1,A,
328,D.,"D6 -2   ","BAV99  "," 0.80 V"," 0.72 V"," 0.56 V",30," 1.04 V",30," 0.00 V",0,2.0V,112,10,0,0,0,0,0,E,1,A,
329,D.,"D7      ","BAS316 "," 0.80 V"," 0.73 V"," 0.56 V",30," 1.04 V",30," 0.00 V",0,2.0V,28,4,0,0,0,0,0,C,1,A,
330,F.,"D8      ","KPT    "," 1.90 V"," 1.93 V"," 1.33 V",30," 2.47 V",30," 0.00 V",0,3.3V,15,63,0,0,0,0,0,A,2,A,
331,"F. HS","1D      ","RV     "," 2.00 V"," 2.00 V"," 1.40 V",30," 2.60 V",30," 0.00 V",50,2.0V,7,50,0,0,0,0,0,B,2,A,
332,"F. HS","2D      ","RV     "," 2.00 V"," 2.00 V"," 1.40 V",30," 2.60 V",30," 0.00 V",50,2.0V,9,53,0,0,0,0,0,B,3,A,
333,D.,"D2      ","RV     "," 2.00 V"," 2.00 V"," 1.40 V",30," 2.60 V",30," 0.00 V",0,2.0V,25,55,0,0,0,0,0,B,1,A,
334,D.,"D3      ","RV     "," 2.00 V"," 2.00 V"," 1.40 V",30," 2.60 V",30," 0.00 V",0,2.0V,165,91,0,0,0,0,0,D,1,A,
335,D.,"D4      ","RV     "," 2.00 V"," 2.00 V"," 1.40 V",30," 2.60 V",30," 0.00 V",0,2.0V,165,11,0,0,0,0,0,D,1,A,
336,"F. HS","D5 -1   ","RV     "," 2.00 V"," 2.00 V"," 1.40 V",30," 2.60 V",30," 0.00 V",10,2.0V,111,11,0,0,0,0,0,E,1,A,
337,D.,"D5 -2   ","RV     "," 2.00 V"," 2.00 V"," 1.40 V",30," 2.60 V",30," 0.00 V",20,2.0V,10,111,0,0,0,0,0,E,1,A,
338,"F. HS","D6 -1   ","RV     "," 2.00 V"," 2.00 V"," 1.40 V",30," 2.60 V",30," 0.00 V",10,2.0V,112,11,0,0,0,0,0,E,1,A,
339,D.,"D6 -2   ","RV     "," 2.00 V"," 2.00 V"," 1.40 V",30," 2.60 V",30," 0.00 V",20,2.0V,10,112,0,0,0,0,0,E,1,A,
340,D.,"D7      ","RV     "," 2.00 V"," 2.00 V"," 1.40 V",30," 2.60 V",30," 0.00 V",20,2.0V,4,28,0,0,0,0,0,C,1,A,
341,D.,"D9/NC   ","NC     "," 0.80 V"," 0.00 V"," 0.56 V",30," 1.04 V",30," 0.00 V",0,2.0V,79,78,0,0,0,0,0,C,2,A,,*
342,D.,"D12     ","BAS316 "," 0.80 V"," 0.76 V"," 0.56 V",30," 1.04 V",30," 0.00 V",0,2.0V,30,26,0,0,0,0,0,B,1,A,
343,D.,"D13 -1  ","BAV99  "," 0.80 V"," 0.70 V"," 0.56 V",30," 1.04 V",30," 0.00 V",0,2.0V,11,116,0,0,0,0,0,D,1,A,
344,D.,"D13 -2  ","BAV99  "," 0.80 V"," 0.75 V"," 0.56 V",30," 1.04 V",30," 0.00 V",10,2.0V,116,10,0,0,0,0,0,D,1,A,
345,D.,"D14 -1  ","BAV99  "," 0.80 V"," 0.76 V"," 0.56 V",30," 1.04 V",30," 0.00 V",0,2.0V,124,149,0,0,0,0,0,D,1,A,
346,D.,"D14 -2  ","BAV99  "," 0.80 V"," 0.76 V"," 0.56 V",30," 1.04 V",30," 0.00 V",0,2.0V,149,106,0,0,0,0,0,D,1,A,
347,D.,"D12     ","RV     "," 2.00 V"," 2.00 V"," 1.40 V",30," 2.60 V",30," 0.00 V",0,2.0V,26,30,0,0,0,0,0,B,1,A,
348,"F. HS","D13 -1  ","RV     "," 2.00 V"," 2.00 V"," 1.40 V",30," 2.60 V",30," 0.00 V",10,2.0V,116,11,0,0,0,0,0,D,1,A,
349,"F. HS","D13 -2  ","RV     "," 2.00 V"," 2.00 V"," 1.40 V",30," 2.60 V",30," 0.00 V",10,2.0V,10,116,0,0,0,0,0,D,1,A,
350,D.,"D14 -1  ","RV     "," 2.00 V"," 2.00 V"," 1.40 V",30," 2.60 V",30," 0.00 V",0,2.0V,149,124,0,0,0,0,0,D,1,A,
351,D.,"D14 -2  ","RV     "," 2.00 V"," 2.00 V"," 1.40 V",30," 2.60 V",30," 0.00 V",0,2.0V,106,149,0,0,0,0,0,D,1,A,
352,D.,"D15 -1/NP","BAV99  "," 0.80 V"," 0.00 V"," 0.56 V",30," 1.04 V",30," 0.00 V",0,2.0V,12,0,0,0,0,0,0,B,1,A,,*
353,D.,"D15 -2/NP","BAV99  "," 0.80 V"," 0.00 V"," 0.56 V",30," 1.04 V",30," 0.00 V",0,2.0V,0,2,0,0,0,0,0,B,1,A,,*
354,D.,"D16 -1  ","BAV99  "," 0.80 V"," 0.70 V"," 0.56 V",30," 1.04 V",30," 0.00 V",0,2.0V,11,117,0,0,0,0,0,D,1,A,
355,D.,"D16 -2  ","BAV99  "," 0.80 V"," 0.74 V"," 0.56 V",30," 1.04 V",30," 0.00 V",10,2.0V,117,10,0,0,0,0,0,D,1,A,
356,D.,"D17 -1  ","BAV99  "," 0.80 V"," 0.76 V"," 0.56 V",30," 1.04 V",30," 0.00 V",0,2.0V,124,148,0,0,0,0,0,D,1,A,
357,D.,"D17 -2  ","BAV99  "," 0.80 V"," 0.76 V"," 0.56 V",30," 1.04 V",30," 0.00 V",0,2.0V,148,106,0,0,0,0,0,D,1,A,
358,"F. HS","D16 -1  ","RV     "," 2.00 V"," 2.00 V"," 1.40 V",30," 2.60 V",30," 0.00 V",10,2.0V,117,11,0,0,0,0,0,D,1,A,
359,D.,"D16 -2  ","RV     "," 2.00 V"," 2.00 V"," 1.40 V",30," 2.60 V",30," 0.00 V",20,2.0V,10,117,0,0,0,0,0,D,1,A,
360,D.,"D17 -1  ","RV     "," 2.00 V"," 2.00 V"," 1.40 V",30," 2.60 V",30," 0.00 V",0,2.0V,148,124,0,0,0,0,0,D,1,A,
361,D.,"D17 -2  ","RV     "," 2.00 V"," 2.00 V"," 1.40 V",30," 2.60 V",30," 0.00 V",0,2.0V,106,148,0,0,0,0,0,D,1,A,
362,D.,"D18 -1/NP","BAV99  "," 0.80 V"," 0.00 V"," 0.56 V",30," 1.04 V",30," 0.00 V",0,2.0V,109,0,0,0,0,0,0,E,1,A,,*
363,D.,"D18 -2/NP","BAV99  "," 0.80 V"," 0.00 V"," 0.56 V",30," 1.04 V",30," 0.00 V",0,2.0V,0,125,0,0,0,0,0,E,1,A,,*
364,D.,"D19 -1  ","BAV99  "," 0.80 V"," 0.76 V"," 0.56 V",30," 1.04 V",30," 0.00 V",0,2.0V,124,147,0,0,0,0,0,E,1,A,
365,D.,"D19 -2  ","BAV99  "," 0.80 V"," 0.76 V"," 0.56 V",30," 1.04 V",30," 0.00 V",0,2.0V,147,106,0,0,0,0,0,E,1,A,
366,D.,"D19 -1  ","RV     "," 2.00 V"," 2.00 V"," 1.40 V",30," 2.60 V",30," 0.00 V",0,2.0V,147,124,0,0,0,0,0,E,1,A,
367,D.,"D19 -2  ","RV     "," 2.00 V"," 2.00 V"," 1.40 V",30," 2.60 V",30," 0.00 V",0,2.0V,106,147,0,0,0,0,0,E,1,A,
368,D.,"D20 -1/NP","BAV99  "," 0.80 V"," 0.00 V"," 0.56 V",30," 1.04 V",30," 0.00 V",0,2.0V,2,0,0,0,0,0,0,B,1,A,,*
369,D.,"D20 -2/NP","BAV99  "," 0.80 V"," 0.00 V"," 0.56 V",30," 1.04 V",30," 0.00 V",0,2.0V,0,12,0,0,0,0,0,B,1,A,,*
370,D.,"D21 -1  ","BAV99  "," 0.80 V"," 0.70 V"," 0.56 V",30," 1.04 V",30," 0.00 V",0,2.0V,11,115,0,0,0,0,0,E,1,A,
371,D.,"D21 -2  ","BAV99  "," 0.80 V"," 0.75 V"," 0.56 V",30," 1.04 V",30," 0.00 V",10,2.0V,115,10,0,0,0,0,0,E,1,A,
372,D.,"D22 -1  ","BAV99  "," 0.80 V"," 0.70 V"," 0.56 V",30," 1.04 V",30," 0.00 V",0,2.0V,11,98,0,0,0,0,0,D,1,A,
373,D.,"D22 -2  ","BAV99  "," 0.80 V"," 0.75 V"," 0.56 V",30," 1.04 V",30," 0.00 V",10,2.0V,98,10,0,0,0,0,0,D,1,A,
374,D.,"D23 -1  ","BAV70  "," 0.80 V"," 0.76 V"," 0.56 V",30," 1.04 V",30," 0.00 V",0,2.0V,106,125,0,0,0,0,0,E,1,A,
375,D.,"D23 -2  ","BAV70  "," 0.80 V"," 0.76 V"," 0.56 V",30," 1.04 V",30," 0.00 V",0,2.0V,110,125,0,0,0,0,0,E,1,A,
376,D.,"D24 -1  ","BAV99  "," 0.80 V"," 0.76 V"," 0.56 V",30," 1.04 V",30," 0.00 V",0,2.0V,124,118,0,0,0,0,0,E,1,A,
377,D.,"D24 -2  ","BAV99  "," 0.80 V"," 0.76 V"," 0.56 V",30," 1.04 V",30," 0.00 V",0,2.0V,118,106,0,0,0,0,0,E,1,A,
378,D.,"D25     ",D1FL20U," 0.60 V"," 0.59 V"," 0.42 V",30," 0.78 V",30," 0.00 V",50,2.0V,51,4,0,0,0,0,0,B,1,A,
379,D.,"D26     ",D2FL20U," 0.60 V"," 0.56 V"," 0.42 V",30," 0.78 V",30," 0.00 V",20,2.0V,52,5,0,0,0,0,0,B,2,A,
380,D.,"D27     ","D2FK60 "," 0.60 V"," 0.58 V"," 0.42 V",30," 0.78 V",30," 0.00 V",20,2.0V,38,39,0,0,0,0,0,B,2,A,
381,D.,"D28     ","BAS316 "," 0.80 V"," 0.76 V"," 0.56 V",30," 1.04 V",30," 0.00 V",0,2.0V,127,141,0,0,0,0,0,E,1,A,
382,D.,"D29     ","BAS316 "," 0.80 V"," 0.76 V"," 0.56 V",30," 1.04 V",30," 0.00 V",0,2.0V,76,82,0,0,0,0,0,C,2,A,
383,D.,"D30     ","BAS316 "," 0.80 V"," 0.76 V"," 0.56 V",30," 1.04 V",30," 0.00 V",0,2.0V,1,29,0,0,0,0,0,B,2,A,
384,D.,"D31     ",D1FL40U," 0.70 V"," 0.62 V"," 0.49 V",30," 0.91 V",30," 0.00 V",0,2.0V,47,50,0,0,0,0,0,B,2,A,
385,D.,"D32 -1  ","BAV99  "," 0.80 V"," 0.76 V"," 0.56 V",30," 1.04 V",30," 0.00 V",0,2.0V,8,43,0,0,0,0,0,B,3,A,
386,D.,"D32 -2  ","BAV99  "," 0.80 V"," 0.76 V"," 0.56 V",30," 1.04 V",30," 0.00 V",0,2.0V,43,9,0,0,0,0,0,B,3,A,
387,D.,"D100    ",RB501VM," 0.30 V"," 0.29 V"," 0.21 V",30," 0.39 V",30," 0.00 V",20,2.0V,6,78,0,0,0,0,0,C,2,A,
388,"F. HS","D21 -1  ","RV     "," 2.00 V"," 2.00 V"," 1.40 V",30," 2.60 V",30," 0.00 V",10,2.0V,115,11,0,0,0,0,0,E,1,A,
389,D.,"D21 -2  ","RV     "," 2.00 V"," 2.00 V"," 1.40 V",30," 2.60 V",30," 0.00 V",20,2.0V,10,115,0,0,0,0,0,E,1,A,
390,"F. HS","D22 -1  ","RV     "," 2.00 V"," 2.00 V"," 1.40 V",30," 2.60 V",30," 0.00 V",10,2.0V,98,11,0,0,0,0,0,D,1,A,
391,D.,"D22 -2  ","RV     "," 2.00 V"," 2.00 V"," 1.40 V",30," 2.60 V",30," 0.00 V",20,2.0V,10,98,0,0,0,0,0,D,1,A,
392,D.,"D23 -1  ","RV     "," 2.00 V"," 2.00 V"," 1.40 V",30," 2.60 V",30," 0.00 V",0,2.0V,125,106,0,0,0,0,0,E,1,A,
393,D.,"D23 -2  ","RV     "," 2.00 V"," 2.00 V"," 1.40 V",30," 2.60 V",30," 0.00 V",0,2.0V,125,110,0,0,0,0,0,E,1,A,
394,D.,"D24 -1  ","RV     "," 2.00 V"," 2.00 V"," 1.40 V",30," 2.60 V",30," 0.00 V",0,2.0V,118,124,0,0,0,0,0,E,1,A,
395,D.,"D24 -2  ","RV     "," 2.00 V"," 2.00 V"," 1.40 V",30," 2.60 V",30," 0.00 V",0,2.0V,106,118,0,0,0,0,0,E,1,A,
396,"F. HS","D25     ","RV     "," 2.00 V"," 2.00 V"," 1.40 V",30," 2.60 V",30," 0.00 V",20,2.0V,4,51,0,0,0,0,0,B,1,A,
397,D.,"D26     ","RV     "," 2.00 V"," 1.80 V"," 1.40 V",30," 2.60 V",30," 0.00 V",50,2.0V,5,52,0,0,0,0,0,B,2,A,
398,D.,"D27     ","RV     "," 2.00 V"," 2.00 V"," 1.40 V",30," 2.60 V",30," 0.00 V",20,2.0V,39,38,0,0,0,0,0,B,2,A,
399,D.,"D28     ","RV     "," 2.00 V"," 2.00 V"," 1.40 V",30," 2.60 V",30," 0.00 V",0,2.0V,141,127,0,0,0,0,0,E,1,A,
400,D.,"D29     ","RV     "," 2.00 V"," 2.00 V"," 1.40 V",30," 2.60 V",30," 0.00 V",0,2.0V,82,76,0,0,0,0,0,C,2,A,
401,D.,"D30     ","RV     "," 2.00 V"," 2.00 V"," 1.40 V",30," 2.60 V",30," 0.00 V",0,2.0V,29,1,0,0,0,0,0,B,2,A,
402,D.,"D31     ","RV     "," 2.00 V"," 2.00 V"," 1.40 V",30," 2.60 V",30," 0.00 V",0,2.0V,50,47,0,0,0,0,0,B,2,A,
403,D.,"D32 -1  ","RV     "," 2.00 V"," 2.00 V"," 1.40 V",30," 2.60 V",30," 0.00 V",30,2.0V,43,8,0,0,0,0,0,B,3,A,
404,D.,"D32 -2  ","RV     "," 2.00 V"," 2.00 V"," 1.40 V",30," 2.60 V",30," 0.00 V",30,2.0V,9,43,0,0,0,0,0,B,3,A,
405,D.,"D100    ","RV     "," 2.00 V"," 2.00 V"," 1.40 V",30," 2.60 V",30," 0.00 V",20,2.0V,78,6,0,0,0,0,0,C,2,A,
406,NOP,........,.......,--------,--------,--------,0,--------,0,--------,0,,0,0,0,0,0,0,0,*,*,A,,*
407,D.,"ZD1     ","UDZVTE "," 0.80 V"," 0.85 V"," 0.56 V",30," 1.04 V",30," 0.00 V",0,2.0V,18,20,0,0,0,0,0,B,1,A,
408,F.,"ZD1/RV  ","UDZVTE "," 5.10 V"," 5.05 V"," 3.57 V",30," 6.63 V",30," 0.00 V",0,8.0V,20,18,0,0,0,0,0,B,1,A,
409,D.,"ZD2     ","UDZVTE "," 0.80 V"," 0.85 V"," 0.56 V",30," 1.04 V",30," 0.00 V",0,2.0V,93,91,0,0,0,0,0,D,1,A,
410,F.,"ZD2/RV  ","UDZVTE "," 6.20 V"," 6.12 V"," 4.34 V",30," 8.06 V",30," 0.00 V",0,9.0V,91,93,0,0,0,0,0,D,1,A,
411,D.,"ZD3     ","UDZVTE "," 0.80 V"," 0.84 V"," 0.56 V",30," 1.04 V",30," 0.00 V",20,2.0V,162,207,0,0,0,0,0,E,2,A,
412,F.,"ZD3/RV  ","24V    "," 0.80 V"," 0.00 V"," 0.56 V",30," 1.04 V",30," 0.00 V",20,2.0V,207,162,0,0,0,0,0,E,2,A,,*
413,D.,"ZD4     ","UDZVTE "," 0.80 V"," 0.84 V"," 0.56 V",30," 1.04 V",30," 0.00 V",20,2.0V,166,208,0,0,0,0,0,E,2,A,
414,F.,"ZD4/RV  ","24V    "," 0.80 V"," 0.00 V"," 0.56 V",30," 1.04 V",30," 0.00 V",20,2.0V,208,166,0,0,0,0,0,E,2,A,,*
415,D.,"ZD5     ","UDZVTE "," 0.70 V"," 0.65 V"," 0.49 V",30," 0.91 V",30," 0.00 V",20,2.0V,11,10,0,0,0,0,0,E,2,A,
416,F.,"ZD5/RV  ","24V    "," 0.70 V"," 0.00 V"," 0.49 V",30," 0.91 V",30," 0.00 V",20,2.0V,10,11,0,0,0,0,0,E,2,A,,*
417,D.,"ZD6     ","UDZVTE "," 0.80 V"," 0.84 V"," 0.56 V",30," 1.04 V",30," 0.00 V",20,2.0V,163,209,0,0,0,0,0,E,2,A,
418,F.,"ZD6/RV  ","24V    "," 0.80 V"," 0.00 V"," 0.56 V",30," 1.04 V",30," 0.00 V",20,2.0V,209,163,0,0,0,0,0,E,2,A,,*
419,D.,"ZD7     ","UDZVTE "," 0.80 V"," 0.82 V"," 0.56 V",30," 1.04 V",30," 0.00 V",0,2.0V,2,34,0,0,0,0,0,B,1,A,
420,F.,"ZD7/RV  ","10V    "," 0.80 V"," 0.00 V"," 0.56 V",30," 1.04 V",30," 0.00 V",0,2.0V,34,2,0,0,0,0,0,B,1,A,,*
421,D.,"ZD8     ","UDZVTE "," 0.60 V"," 0.59 V"," 0.42 V",30," 0.78 V",30," 0.00 V",50,2.0V,1,4,0,0,0,0,0,B,1,A,
422,F.,"ZD8/RV  ","24V    "," 0.60 V"," 0.00 V"," 0.42 V",30," 0.78 V",30," 0.00 V",20,2.0V,4,1,0,0,0,0,0,B,1,A,,*
423,D.,"ZD9/NC  ","NC     "," 0.80 V"," 0.00 V"," 0.56 V",30," 1.04 V",30," 0.00 V",0,2.0V,29,1,0,0,0,0,0,B,2,A,,*
424,NOP,........,.......,--------,--------,--------,0,--------,0,--------,0,,0,0,0,0,0,0,0,*,*,A,,*
425,D.,"200D -1/NC",MG02020," 0.80 V"," 0.00 V"," 0.56 V",30," 1.04 V",30," 0.00 V",0,2.0V,11,101,0,0,0,0,0,C,2,A,,*
426,D.,"200D -2 ",MG02020," 0.80 V"," 0.00 V"," 0.56 V",30," 1.04 V",30," 0.00 V",0,2.0V,11,100,0,0,0,0,0,C,2,A,,*
427,D.,"200D -3 ",MG02020," 0.80 V"," 0.00 V"," 0.56 V",30," 1.04 V",30," 0.00 V",0,2.0V,11,89,0,0,0,0,0,C,2,A,,*
428,D.,"200D -4 ",MG02020," 0.80 V"," 0.00 V"," 0.56 V",30," 1.04 V",30," 0.00 V",0,2.0V,89,195,0,0,0,0,0,C,2,A,,*
429,D.,"200D -5 ",MG02020," 0.80 V"," 0.00 V"," 0.56 V",30," 1.04 V",30," 0.00 V",0,2.0V,100,195,0,0,0,0,0,C,2,A,,*
430,D.,"200D -6 ",MG02020," 0.80 V"," 0.00 V"," 0.56 V",30," 1.04 V",30," 0.00 V",0,2.0V,101,195,0,0,0,0,0,C,2,A,,*
431,D.,"200D -7 ",MG02020," 0.80 V"," 0.00 V"," 0.56 V",30," 1.04 V",30," 0.00 V",0,2.0V,165,164,0,0,0,0,0,C,2,A,,*
432,D.,"200D -8 ",MG02020," 0.80 V"," 0.00 V"," 0.56 V",30," 1.04 V",30," 0.00 V",0,2.0V,92,165,0,0,0,0,0,C,2,A,,*
433,D.,"200D -9 ",MG02020," 0.80 V"," 0.00 V"," 0.56 V",30," 1.04 V",30," 0.00 V",0,2.0V,92,11,0,0,0,0,0,C,2,A,,*
434,NOP,PHOTO***,*******,--------,--------,--------,0,--------,0,--------,0,,0,0,0,0,0,0,0,*,*,A,,*
435,PC.,"PC1/PC  ","TLP291 ",--------," GOOD  ",--------,0,--------,0,--------,0,2.0V,19,25,20,1,0,0,0,B,1,A,
436,D.,"PC1/D   ","TLP291 "," 1.20 V"," 1.23 V"," 0.84 V",30," 1.56 V",30," 0.00 V",0,2.0V,19,20,0,0,0,0,0,B,1,A,
437,D.,"PC1/REV ","TLP291 "," 2.00 V"," 2.00 V"," 1.40 V",30," 2.60 V",30," 0.00 V",0,2.0V,20,19,0,0,0,0,0,B,1,A,
438,PC.,"PC4/PC  ",TLP2761,--------,-------,--------,0,--------,0,--------,0,2.0V,68,81,69,6,71,0,0,C,2,A,,*
439,D.,"PC4/D   ",TLP2761," 1.60 V"," 1.58 V"," 1.12 V",30," 2.08 V",30," 0.00 V",0,3.3V,68,69,0,0,0,0,0,C,2,A,
440,D.,"PC4/D   ",TLP2761," 0.80 V"," 0.81 V"," 0.56 V",30," 1.04 V",30," 0.00 V",0,2.0V,6,71,0,0,0,0,0,C,2,A,
441,D.,"PC4/D   ",TLP2761," 0.80 V"," 0.84 V"," 0.56 V",30," 1.04 V",30," 0.00 V",0,2.0V,71,81,0,0,0,0,0,C,2,A,
442,D.,"PC4/D   ",TLP2761," 0.60 V"," 0.72 V"," 0.42 V",30," 0.78 V",30," 0.00 V",20,2.0V,6,81,0,0,0,0,0,C,2,A,
443,D.,"PC4/REV ",TLP2761," 2.00 V"," 2.00 V"," 1.40 V",30," 2.60 V",30," 0.00 V",0,2.0V,69,68,0,0,0,0,0,C,2,A,
444,PC.,"PC5/PC  ","TLP291 ",--------," GOOD  ",--------,0,--------,0,--------,100,2.0V,59,31,61,32,0,0,0,C,1,A,
445,D.,"PC5/D   ","TLP291 "," 1.20 V"," 1.21 V"," 0.84 V",30," 1.56 V",30," 0.00 V",0,2.0V,59,61,0,0,0,0,0,C,1,A,
446,D.,"PC5/REV ","TLP291 "," 2.00 V"," 1.88 V"," 1.40 V",30," 2.60 V",30," 0.00 V",0,2.0V,61,59,0,0,0,0,0,C,1,A,
447,PC.,"PC6/PC  ",TLP2761,--------,-------,--------,0,--------,0,--------,0,2.0V,73,5,74,1,70,0,0,C,2,A,,*
448,D.,"PC6/D   ",TLP2761," 1.60 V"," 1.60 V"," 1.12 V",30," 2.08 V",30," 0.00 V",0,3.0V,73,74,0,0,0,0,0,C,2,A,
449,D.,"PC6/D   ",TLP2761," 0.80 V"," 0.79 V"," 0.56 V",30," 1.04 V",30," 0.00 V",0,2.0V,1,70,0,0,0,0,0,C,2,A,
450,D.,"PC6/D   ",TLP2761," 0.80 V"," 0.84 V"," 0.56 V",30," 1.04 V",30," 0.00 V",0,2.0V,70,5,0,0,0,0,0,C,2,A,
451,"F. HS","PC6/D   ",TLP2761," 0.60 V"," 0.63 V"," 0.42 V",30," 0.78 V",30," 0.00 V",20,2.0V,1,5,0,0,0,0,0,C,2,A,
452,D.,"PC6/REV ",TLP2761," 2.00 V"," 2.00 V"," 1.40 V",30," 2.60 V",30," 0.00 V",0,2.0V,74,73,0,0,0,0,0,C,2,A,
453,PC.,"PC7/PC  ","TLP291 ",--------," GOOD  ",--------,0,--------,0,--------,0,2.0V,80,87,83,8,0,0,0,C,3,A,
454,D.,"PC7/D   ","TLP291 "," 1.20 V"," 1.23 V"," 0.84 V",30," 1.56 V",30," 0.00 V",0,2.0V,80,83,0,0,0,0,0,C,3,A,
455,D.,"PC7/REV ","TLP291 "," 2.00 V"," 2.00 V"," 1.40 V",30," 2.60 V",30," 0.00 V",0,2.0V,83,80,0,0,0,0,0,C,3,A,
456,PC.,"7PC/PC  ",TLP785F,--------," GOOD  ",--------,0,--------,0,--------,0,2.0V,45,56,8,64,0,0,0,B,2,A,
457,D.,"7PC/D   ",TLP785F," 1.20 V"," 1.19 V"," 0.84 V",30," 1.56 V",30," 0.00 V",0,2.0V,45,8,0,0,0,0,0,B,2,A,
458,D.,"7PC/REV ",TLP785F," 2.00 V"," 2.00 V"," 1.40 V",30," 2.60 V",30," 0.00 V",0,2.0V,8,45,0,0,0,0,0,B,2,A,
459,PC.,"8PC/PC  ",TLP785F,--------," GOOD  ",--------,0,--------,0,--------,0,2.0V,44,56,8,65,0,0,0,C,2,A,
460,D.,"8PC/D   ",TLP785F," 1.20 V"," 1.19 V"," 0.84 V",30," 1.56 V",30," 0.00 V",0,2.0V,44,8,0,0,0,0,0,C,2,A,
461,D.,"8PC/REV ",TLP785F," 2.00 V"," 2.00 V"," 1.40 V",30," 2.60 V",30," 0.00 V",0,2.0V,8,44,0,0,0,0,0,C,2,A,
462,NOP,TRANS***,.......,--------,--------,--------,0,--------,0,--------,0,,0,0,0,0,0,0,0,*,*,A,,*
463,DT.NPN,"Q2 CEB  ",RN1302R,"0.090 V","0.090 V","0.063 V",30,"0.117 V",30,"0.000 V",0,3.3V,145,11,93,0,0,0,0,D,1,A,
464,R.,"Q2 BE/R8",RN1302R," 2.60Ko"," 2.59Ko"," 2.34Ko",10," 2.86Ko",10," 0.00Ko",0,,11,93,0,0,0,0,0,D,1,A,
465,Tr.,"Q3 BC   ","SC2712 "," 0.80 V"," 0.82 V"," 0.56 V",30," 1.04 V",30," 0.00 V",0,2.0V,150,95,0,0,0,0,0,D,1,A,
466,Tr.,"Q3 BE   ","SC2712 "," 0.80 V"," 0.83 V"," 0.56 V",30," 1.04 V",30," 0.00 V",0,2.0V,150,11,0,0,0,0,0,D,1,A,
467,Tr.,"Q4 CB   ",UPA609T," 0.80 V"," 0.79 V"," 0.56 V",30," 1.04 V",30," 0.00 V",0,2.0V,11,95,0,0,0,0,0,D,1,A,
468,Tr.,"Q4 EB   ",UPA609T," 0.80 V"," 0.80 V"," 0.56 V",30," 1.04 V",30," 0.00 V",0,2.0V,94,95,0,0,0,0,0,D,1,A,
469,Tr.,"Q4 BC   ",UPA609T," 0.80 V"," 0.77 V"," 0.56 V",30," 1.04 V",30," 0.00 V",0,2.0V,95,10,0,0,0,0,0,D,1,A,
470,Tr.,"Q4 BE   ",UPA609T," 0.80 V"," 0.78 V"," 0.56 V",30," 1.04 V",30," 0.00 V",0,2.0V,95,94,0,0,0,0,0,D,1,A,
471,DT.PNP,"Q5 ECB  ","RN2302 ","0.050 V","0.055 V","0.035 V",30,"0.065 V",30,"0.000 V",20,2.0V,32,1,30,0,0,0,0,B,1,A,
472,R.,"Q5 EB   ","RN2302 ",20.00Ko,19.61Ko,18.00Ko,10,22.00Ko,10," 0.00Ko",0,,32,30,0,0,0,0,0,B,1,A,
473,DT.NPN,"Q7 CEB  ","RN1302 ","1.000 V","1.016 V","0.700 V",30,"1.300 V",30,"0.000 V",20,2.0V,133,11,153,0,0,0,0,E,2,A,
474,"R. HS","Q7 BE   ","RN1302 ",20.00Ko,18.05Ko,14.00Ko,30,26.00Ko,30," 0.00Ko",50,,11,153,201,0,0,0,0,E,2,A,
475,Tr.,"Q9 CB   ",SAR513P," 0.80 V"," 0.77 V"," 0.56 V",30," 1.04 V",30," 0.00 V",0,2.0V,4,41,0,0,0,0,0,B,1,A,
476,Tr.,"Q9 EB   ",SAR513P," 0.80 V"," 0.77 V"," 0.56 V",30," 1.04 V",30," 0.00 V",0,2.0V,4,41,0,0,0,0,0,B,1,A,
477,Tr.,"Q10 CB  ","SA1313 "," 0.80 V"," 0.79 V"," 0.56 V",30," 1.04 V",30," 0.00 V",0,2.0V,43,54,0,0,0,0,0,B,3,A,
478,Tr.,"Q10 EB  ","SA1313 "," 0.80 V"," 0.79 V"," 0.56 V",30," 1.04 V",30," 0.00 V",0,2.0V,9,54,0,0,0,0,0,B,3,A,
479,Tr.,"Q11 CB  ",SA1576U," 0.80 V"," 0.80 V"," 0.56 V",30," 1.04 V",30," 0.00 V",0,2.0V,43,88,0,0,0,0,0,C,3,A,
480,Tr.,"Q11 EB  ",SA1576U," 0.80 V"," 0.81 V"," 0.56 V",30," 1.04 V",30," 0.00 V",0,2.0V,54,88,0,0,0,0,0,C,3,A,
481,Tr.,"5Q CB   ","SA1313 "," 0.80 V"," 0.78 V"," 0.56 V",30," 1.04 V",30," 0.00 V",0,2.0V,60,58,0,0,0,0,0,B,1,A,
482,Tr.,"5Q EB   ","SA1313 "," 0.80 V"," 0.78 V"," 0.56 V",30," 1.04 V",30," 0.00 V",0,2.0V,5,58,0,0,0,0,0,B,1,A,
483,Tr.,"6Q/FET  ",RW1E025," 0.80 V"," 0.64 V"," 0.56 V",30," 1.04 V",30," 0.00 V",0,2.0V,56,5,0,0,0,0,0,C,1,A,
484,Tr.,"6Q -2   ",RW1E025," 1.00 V"," 1.11 V"," 0.70 V",30," 1.30 V",30," 0.00 V",0,2.0V,60,5,56,0,0,0,0,C,1,A,
485,Tr.,"100Q -2/NP",PSS20S9," 0.80 V"," 0.00 V"," 0.56 V",30," 1.04 V",30," 0.00 V",0,2.0V,209,0,0,0,0,0,0,E,2,A,,*
486,Tr.,"100Q -3 ",PSS20S9," 0.80 V"," 0.00 V"," 0.56 V",30," 1.04 V",30," 0.00 V",0,2.0V,208,0,0,0,0,0,0,E,2,A,,*
487,Tr.,"100Q -4 ",PSS20S9," 0.80 V"," 0.00 V"," 0.56 V",30," 1.04 V",30," 0.00 V",0,2.0V,207,0,0,0,0,0,0,E,2,A,,*
488,Tr.,"100Q -5 ",PSS20S9," 0.80 V"," 0.00 V"," 0.56 V",30," 1.04 V",30," 0.00 V",0,2.0V,161,0,0,0,0,0,0,E,2,A,,*
489,Tr.,"100Q -6 ",PSS20S9," 0.80 V"," 0.00 V"," 0.56 V",30," 1.04 V",30," 0.00 V",0,2.0V,160,0,0,0,0,0,0,E,2,A,,*
490,Tr.,"100Q -7 ",PSS20S9," 0.80 V"," 0.00 V"," 0.56 V",30," 1.04 V",30," 0.00 V",0,2.0V,159,0,0,0,0,0,0,E,2,A,,*
491,Tr.,"100Q -8 ",PSS20S9," 0.80 V"," 0.00 V"," 0.56 V",30," 1.04 V",30," 0.00 V",0,2.0V,10,0,0,0,0,0,0,E,2,A,,*
492,Tr.,"100Q -9 ",PSS20S9," 0.80 V"," 0.00 V"," 0.56 V",30," 1.04 V",30," 0.00 V",0,2.0V,206,0,0,0,0,0,0,E,2,A,,*
493,Tr.,"100Q 10 ",PSS20S9," 0.80 V"," 0.00 V"," 0.56 V",30," 1.04 V",30," 0.00 V",0,2.0V,205,0,0,0,0,0,0,E,2,A,,*
494,Tr.,"100Q 11 ",PSS20S9," 0.80 V"," 0.00 V"," 0.56 V",30," 1.04 V",30," 0.00 V",0,2.0V,204,0,0,0,0,0,0,E,2,A,,*
495,Tr.,"100Q 12 ",PSS20S9," 0.80 V"," 0.00 V"," 0.56 V",30," 1.04 V",30," 0.00 V",0,2.0V,203,0,0,0,0,0,0,E,2,A,,*
496,Tr.,"100Q 13 ",PSS20S9," 0.80 V"," 0.00 V"," 0.56 V",30," 1.04 V",30," 0.00 V",0,2.0V,10,0,0,0,0,0,0,E,2,A,,*
497,Tr.,"100Q 14 ",PSS20S9," 0.80 V"," 0.00 V"," 0.56 V",30," 1.04 V",30," 0.00 V",0,2.0V,202,0,0,0,0,0,0,E,2,A,,*
498,Tr.,"100Q 15 ",PSS20S9," 0.80 V"," 0.00 V"," 0.56 V",30," 1.04 V",30," 0.00 V",0,2.0V,201,0,0,0,0,0,0,E,2,A,,*
499,Tr.,"100Q 16 ",PSS20S9," 0.80 V"," 0.00 V"," 0.56 V",30," 1.04 V",30," 0.00 V",0,2.0V,11,0,0,0,0,0,0,E,2,A,,*
500,Tr.,"100Q 17 ",PSS20S9," 0.80 V"," 0.00 V"," 0.56 V",30," 1.04 V",30," 0.00 V",0,2.0V,200,0,0,0,0,0,0,E,2,A,,*
501,Tr.,"100Q 18/NC",PSS20S9," 0.80 V"," 0.00 V"," 0.56 V",30," 1.04 V",30," 0.00 V",0,2.0V,196,162,0,0,0,0,0,E,2,A,,*
502,Tr.,"100Q 19/NC",PSS20S9," 0.80 V"," 0.00 V"," 0.56 V",30," 1.04 V",30," 0.00 V",0,2.0V,197,166,0,0,0,0,0,E,2,A,,*
503,Tr.,"100Q 20 ",PSS20S9," 0.80 V"," 0.00 V"," 0.56 V",30," 1.04 V",30," 0.00 V",0,2.0V,198,163,0,0,0,0,0,E,2,A,,*
504,Tr.,"100Q 21 ",PSS20S9," 0.80 V"," 0.00 V"," 0.56 V",30," 1.04 V",30," 0.00 V",0,2.0V,162,164,0,0,0,0,0,E,2,A,,*
505,Tr.,"100Q 22 ",PSS20S9," 0.80 V"," 0.00 V"," 0.56 V",30," 1.04 V",30," 0.00 V",0,2.0V,166,164,0,0,0,0,0,E,2,A,,*
506,Tr.,"100Q 23 ",PSS20S9," 0.80 V"," 0.00 V"," 0.56 V",30," 1.04 V",30," 0.00 V",0,2.0V,163,164,0,0,0,0,0,E,2,A,,*
507,Tr.,"100Q 24 ",PSS20S9," 0.80 V"," 0.00 V"," 0.56 V",30," 1.04 V",30," 0.00 V",0,2.0V,164,164,0,0,0,0,0,E,2,A,,*
508,Tr.,"100Q 25 ",PSS20S9," 0.80 V"," 0.00 V"," 0.56 V",30," 1.04 V",30," 0.00 V",0,2.0V,199,0,0,0,0,0,0,E,2,A,,*
509,NOP,IC******,*******,--------,--------,--------,0,--------,0,--------,0,,0,0,0,0,0,0,0,*,*,A,,*
510,F.,"U1 -1   ","U1     "," 0.70 V"," 0.65 V"," 0.49 V",30," 0.91 V",30," 0.00 V",20,2.0V,11,10,0,0,0,0,0,E,1,A,
511,F.,"U1 -2   ","U1     "," 0.55 V"," 0.53 V"," 0.39 V",30," 0.72 V",30," 0.00 V",20,2.0V,11,133,0,0,0,0,0,E,1,A,
512,F.,"U1 -3   ","U1     "," 0.80 V"," 0.79 V"," 0.56 V",30," 1.04 V",30," 0.00 V",0,2.0V,11,143,0,0,0,0,0,E,1,A,
513,F.,"U1 -4   ","U1     "," 0.80 V"," 0.75 V"," 0.56 V",30," 1.04 V",30," 0.00 V",0,2.0V,11,134,0,0,0,0,0,E,1,A,
514,F.,"U1 -5   ","U1     "," 0.80 V"," 0.81 V"," 0.56 V",30," 1.04 V",30," 0.00 V",0,2.0V,11,144,0,0,0,0,0,E,1,A,
515,F.,"U1 -6   ","U1     "," 0.80 V"," 0.75 V"," 0.56 V",30," 1.04 V",30," 0.00 V",0,2.0V,11,135,0,0,0,0,0,E,1,A,
516,F.,"U1 -7/PART","U1     "," 0.80 V"," 0.00 V"," 0.56 V",30," 1.04 V",30," 0.00 V",0,2.0V,11,145,0,0,0,0,0,E,1,A,,*
517,F.,"U1 -8   ","U1     "," 0.80 V"," 0.75 V"," 0.56 V",30," 1.04 V",30," 0.00 V",0,2.0V,11,136,0,0,0,0,0,E,1,A,
518,F.,"U1 -9   ","U1     "," 0.80 V"," 0.00 V"," 0.56 V",30," 1.04 V",30," 0.00 V",0,2.0V,11,11,0,0,0,0,0,E,1,A,,*
519,F.,"U1 10   ","U1     "," 0.80 V"," 0.75 V"," 0.56 V",30," 1.04 V",30," 0.00 V",0,2.0V,11,137,0,0,0,0,0,E,1,A,
520,F.,"U1 11   ","U1     "," 0.80 V"," 0.82 V"," 0.56 V",30," 1.04 V",30," 0.00 V",0,2.0V,11,146,0,0,0,0,0,E,1,A,
521,F.,"U1 12   ","U1     "," 0.80 V"," 0.75 V"," 0.56 V",30," 1.04 V",30," 0.00 V",0,2.0V,11,138,0,0,0,0,0,E,1,A,
522,F.,"U1 13   ","U1     "," 0.80 V"," 0.82 V"," 0.56 V",30," 1.04 V",30," 0.00 V",0,2.0V,11,147,0,0,0,0,0,E,1,A,
523,F.,"U1 14   ","U1     "," 0.80 V"," 0.75 V"," 0.56 V",30," 1.04 V",30," 0.00 V",0,2.0V,11,139,0,0,0,0,0,E,1,A,
524,F.,"U1 15   ","U1     "," 0.80 V"," 0.82 V"," 0.56 V",30," 1.04 V",30," 0.00 V",0,2.0V,11,148,0,0,0,0,0,E,1,A,
525,F.,"U1 16/PART","U1     "," 0.80 V"," 0.00 V"," 0.56 V",30," 1.04 V",30," 0.00 V",0,2.0V,11,140,0,0,0,0,0,E,1,A,,*
526,F.,"U1 17   ","U1     "," 0.80 V"," 0.82 V"," 0.56 V",30," 1.04 V",30," 0.00 V",0,2.0V,11,149,0,0,0,0,0,E,1,A,
527,F.,"U1 18   ","U1     "," 0.80 V"," 0.84 V"," 0.56 V",30," 1.04 V",30," 0.00 V",0,2.0V,11,141,0,0,0,0,0,E,1,A,
528,F.,"U1 19/PART","U1     "," 0.80 V"," 0.00 V"," 0.56 V",30," 1.04 V",30," 0.00 V",0,2.0V,11,150,0,0,0,0,0,E,1,A,,*
529,F.,"U1 20/PART","U1     "," 0.80 V"," 0.00 V"," 0.56 V",30," 1.04 V",30," 0.00 V",0,2.0V,11,142,0,0,0,0,0,E,1,A,,*
530,NOP,........,.......,--------,--------,--------,0,--------,0,--------,0,,0,0,0,0,0,0,0,*,*,A,,*
531,F.,"U1-2 -1 ","NC     "," 0.80 V"," 0.00 V"," 0.56 V",30," 1.04 V",30," 0.00 V",0,2.0V,1,55,0,0,0,0,0,C,1,A,,*
532,F.,"U1-2 -2 ","NC     "," 0.80 V"," 0.00 V"," 0.56 V",30," 1.04 V",30," 0.00 V",0,2.0V,1,4,0,0,0,0,0,C,1,A,,*
533,F.,"U1-2 -3 ","NC     "," 0.80 V"," 0.00 V"," 0.56 V",30," 1.04 V",30," 0.00 V",0,2.0V,1,5,0,0,0,0,0,C,1,A,,*
534,F.,"U1-2 -4 ","NC     "," 0.80 V"," 0.00 V"," 0.56 V",30," 1.04 V",30," 0.00 V",0,2.0V,1,56,0,0,0,0,0,C,1,A,,*
535,F.,"U1-2 -5 ","NC     "," 0.80 V"," 0.00 V"," 0.56 V",30," 1.04 V",30," 0.00 V",0,2.0V,1,1,0,0,0,0,0,C,1,A,,*
536,F.,"U1-2 -6 ","NC     "," 0.80 V"," 0.00 V"," 0.56 V",30," 1.04 V",30," 0.00 V",0,2.0V,1,62,0,0,0,0,0,C,1,A,,*
537,F.,"U1-2 -7 ","NC     "," 0.80 V"," 0.00 V"," 0.56 V",30," 1.04 V",30," 0.00 V",0,2.0V,1,63,0,0,0,0,0,C,1,A,,*
538,F.,"U1-2 -8 ","NC     "," 0.80 V"," 0.00 V"," 0.56 V",30," 1.04 V",30," 0.00 V",0,2.0V,1,64,0,0,0,0,0,C,1,A,,*
539,F.,"U1-2 -9 ","NC     "," 0.80 V"," 0.00 V"," 0.56 V",30," 1.04 V",30," 0.00 V",0,2.0V,1,65,0,0,0,0,0,C,1,A,,*
540,F.,"U1-2 -10","NC     "," 0.80 V"," 0.00 V"," 0.56 V",30," 1.04 V",30," 0.00 V",0,2.0V,1,66,0,0,0,0,0,C,1,A,,*
541,F.,"U1-2 -11","NC     "," 0.80 V"," 0.00 V"," 0.56 V",30," 1.04 V",30," 0.00 V",0,2.0V,1,67,0,0,0,0,0,C,1,A,,*
542,NOP,........,.......,--------,--------,--------,0,--------,0,--------,0,,0,0,0,0,0,0,0,*,*,A,,*
543,F.,"U2 -1*/NP","U2     "," 0.80 V"," 0.00 V"," 0.56 V",30," 1.04 V",30," 0.00 V",0,2.0V,0,2,0,0,0,0,0,B,1,A,,*
544,F.,"U2 -2   ","U2     "," 0.80 V"," 0.00 V"," 0.56 V",30," 1.04 V",30," 0.00 V",0,2.0V,2,2,0,0,0,0,0,B,1,A,,*
545,F.,"U2 -3   ","U2     "," 0.80 V"," 0.82 V"," 0.56 V",30," 1.04 V",30," 0.00 V",0,2.0V,2,34,0,0,0,0,0,B,1,A,
546,F.,"U2 -4   ","U2     "," 0.80 V"," 0.00 V"," 0.56 V",30," 1.04 V",30," 0.00 V",0,2.0V,2,2,0,0,0,0,0,B,1,A,,*
547,F.,"U2 -5   ","U2     "," 0.80 V"," 0.91 V"," 0.56 V",30," 1.04 V",30," 0.00 V",0,2.0V,2,23,0,0,0,0,0,B,1,A,
548,F.,"U2 -6   ","U2     "," 0.80 V"," 0.89 V"," 0.56 V",30," 1.04 V",30," 0.00 V",0,2.0V,2,21,0,0,0,0,0,B,1,A,
549,F.,"U2 -7   ","U2     "," 0.80 V"," 0.85 V"," 0.56 V",30," 1.04 V",30," 0.00 V",0,2.0V,2,18,0,0,0,0,0,B,1,A,
550,F.,"U2 -8   ","U2     "," 0.80 V"," 0.82 V"," 0.56 V",30," 1.04 V",30," 0.00 V",0,2.0V,2,34,0,0,0,0,0,B,1,A,
551,NOP,........,.......,--------,--------,--------,0,--------,0,--------,0,,0,0,0,0,0,0,0,*,*,A,,*
552,F.,"U3 -1   ","U3     "," 0.80 V"," 0.76 V"," 0.56 V",30," 1.04 V",30," 0.00 V",20,2.0V,11,103,0,0,0,0,0,E,1,A,
553,F.,"U3 -2   ","U3     "," 0.80 V"," 0.91 V"," 0.56 V",30," 1.04 V",30," 0.00 V",0,2.0V,11,102,0,0,0,0,0,E,1,A,
554,F.,"U3 -3   ","U3     "," 0.80 V"," 0.00 V"," 0.56 V",30," 1.04 V",30," 0.00 V",0,2.0V,11,11,0,0,0,0,0,E,1,A,,*
555,NOP,........,.......,--------,--------,--------,0,--------,0,--------,0,,0,0,0,0,0,0,0,*,*,A,,*
556,F.,"U5 -1   ","U6     "," 0.80 V"," 0.83 V"," 0.56 V",30," 1.04 V",30," 0.00 V",0,2.0V,11,110,0,0,0,0,0,E,1,A,
557,F.,"U5 -2   ","U6     "," 0.80 V"," 0.79 V"," 0.56 V",30," 1.04 V",30," 0.00 V",0,2.0V,11,122,0,0,0,0,0,E,1,A,
558,F.,"U5 -3   ","U6     "," 0.80 V"," 0.79 V"," 0.56 V",30," 1.04 V",30," 0.00 V",0,2.0V,11,123,0,0,0,0,0,E,1,A,
559,F.,"U5 -4   ","U6     "," 0.80 V"," 0.00 V"," 0.56 V",30," 1.04 V",30," 0.00 V",0,2.0V,11,11,0,0,0,0,0,E,1,A,,*
560,F.,"U5 -5   ","U6     "," 0.80 V"," 0.79 V"," 0.56 V",30," 1.04 V",30," 0.00 V",0,2.0V,11,119,0,0,0,0,0,E,1,A,
561,F.,"U5 -6   ","U6     "," 0.80 V"," 0.79 V"," 0.56 V",30," 1.04 V",30," 0.00 V",0,2.0V,11,120,0,0,0,0,0,E,1,A,
562,F.,"U5 -7   ","U6     "," 0.80 V"," 0.83 V"," 0.56 V",30," 1.04 V",30," 0.00 V",0,2.0V,11,118,0,0,0,0,0,E,1,A,
563,F.,"U5 -8   ","U6     "," 0.70 V"," 0.65 V"," 0.49 V",30," 0.91 V",30," 0.00 V",20,2.0V,11,10,0,0,0,0,0,E,1,A,
564,NOP,........,.......,--------,--------,--------,0,--------,0,--------,0,,0,0,0,0,0,0,0,*,*,A,,*
565,F.,"U6 -1   ","U5     "," 0.80 V"," 0.82 V"," 0.56 V",30," 1.04 V",30," 0.00 V",0,2.0V,11,149,0,0,0,0,0,E,1,A,
566,F.,"U6 -2   ","U5     "," 0.80 V"," 0.79 V"," 0.56 V",30," 1.04 V",30," 0.00 V",0,2.0V,11,96,0,0,0,0,0,E,1,A,
567,F.,"U6 -3   ","U5     "," 0.80 V"," 0.78 V"," 0.56 V",30," 1.04 V",30," 0.00 V",0,2.0V,11,97,0,0,0,0,0,E,1,A,
568,F.,"U6 -4   ","U5     "," 0.60 V"," 0.65 V"," 0.42 V",30," 0.78 V",30," 0.00 V",20,2.0V,11,10,0,0,0,0,0,E,1,A,
569,F.,"U6 -5   ","U5     "," 0.80 V"," 0.78 V"," 0.56 V",30," 1.04 V",30," 0.00 V",0,2.0V,11,114,0,0,0,0,0,E,1,A,
570,F.,"U6 -6   ","U5     "," 0.80 V"," 0.79 V"," 0.56 V",30," 1.04 V",30," 0.00 V",0,2.0V,11,99,0,0,0,0,0,E,1,A,
571,F.,"U6 -7   ","U5     "," 0.80 V"," 0.82 V"," 0.56 V",30," 1.04 V",30," 0.00 V",0,2.0V,11,148,0,0,0,0,0,E,1,A,
572,F.,"U6 -8   ","U5     "," 0.80 V"," 0.82 V"," 0.56 V",30," 1.04 V",30," 0.00 V",0,2.0V,11,147,0,0,0,0,0,E,1,A,
573,F.,"U6 -9   ","U5     "," 0.80 V"," 0.78 V"," 0.56 V",30," 1.04 V",30," 0.00 V",0,2.0V,11,113,0,0,0,0,0,E,1,A,
574,F.,"U6 10   ","U5     "," 0.80 V"," 0.78 V"," 0.56 V",30," 1.04 V",30," 0.00 V",0,2.0V,11,108,0,0,0,0,0,E,1,A,
575,F.,"U6 11   ","U5     "," 0.80 V"," 0.00 V"," 0.56 V",30," 1.04 V",30," 0.00 V",0,2.0V,11,11,0,0,0,0,0,E,1,A,,*
576,F.,"U6 12   ","U5     "," 0.80 V"," 0.78 V"," 0.56 V",30," 1.04 V",30," 0.00 V",0,2.0V,11,107,0,0,0,0,0,E,1,A,
577,F.,"U6 13   ","U5     "," 0.80 V"," 0.78 V"," 0.56 V",30," 1.04 V",30," 0.00 V",0,2.0V,11,105,0,0,0,0,0,E,1,A,
578,F.,"U6 14   ","U5     "," 0.80 V"," 0.82 V"," 0.56 V",30," 1.04 V",30," 0.00 V",0,2.0V,11,104,0,0,0,0,0,E,1,A,
579,NOP,........,.......,--------,--------,--------,0,--------,0,--------,0,,0,0,0,0,0,0,0,*,*,A,,*
580,F.,"U8 -1   ","U8     "," 0.80 V"," 0.76 V"," 0.56 V",30," 1.04 V",30," 0.00 V",0,2.0V,11,153,0,0,0,0,0,E,2,A,
581,F.,"U8 -2   ","U8     "," 0.80 V"," 0.75 V"," 0.56 V",30," 1.04 V",30," 0.00 V",0,2.0V,11,139,0,0,0,0,0,E,2,A,
582,F.,"U8 -3   ","U8     "," 0.80 V"," 0.75 V"," 0.56 V",30," 1.04 V",30," 0.00 V",0,2.0V,11,138,0,0,0,0,0,E,2,A,
583,F.,"U8 -4   ","U8     "," 0.80 V"," 0.75 V"," 0.56 V",30," 1.04 V",30," 0.00 V",0,2.0V,11,137,0,0,0,0,0,E,2,A,
584,F.,"U8 -5   ","U8     "," 0.80 V"," 0.75 V"," 0.56 V",30," 1.04 V",30," 0.00 V",0,2.0V,11,136,0,0,0,0,0,E,2,A,
585,F.,"U8 -6   ","U8     "," 0.80 V"," 0.75 V"," 0.56 V",30," 1.04 V",30," 0.00 V",0,2.0V,11,135,0,0,0,0,0,E,2,A,
586,F.,"U8 -7   ","U8     "," 0.80 V"," 0.75 V"," 0.56 V",30," 1.04 V",30," 0.00 V",0,2.0V,11,134,0,0,0,0,0,E,2,A,
587,F.,"U8 -8   ","U8     "," 0.80 V"," 0.00 V"," 0.56 V",30," 1.04 V",30," 0.00 V",0,2.0V,11,11,0,0,0,0,0,E,2,A,,*
588,F.,"U8 -9   ","U8     "," 0.80 V"," 0.00 V"," 0.56 V",30," 1.04 V",30," 0.00 V",0,2.0V,11,11,0,0,0,0,0,E,2,A,,*
589,F.,"U8 10   ","U8     "," 0.80 V"," 0.00 V"," 0.56 V",30," 1.04 V",30," 0.00 V",0,2.0V,11,11,0,0,0,0,0,E,2,A,,*
590,F.,"U8 11   ","U8     "," 0.80 V"," 0.75 V"," 0.56 V",30," 1.04 V",30," 0.00 V",0,2.0V,11,155,0,0,0,0,0,E,2,A,
591,F.,"U8 12   ","U8     "," 0.80 V"," 0.75 V"," 0.56 V",30," 1.04 V",30," 0.00 V",0,2.0V,11,155,0,0,0,0,0,E,2,A,
592,F.,"U8 13   ","U8     "," 0.80 V"," 0.79 V"," 0.56 V",30," 1.04 V",30," 0.00 V",0,2.0V,11,158,0,0,0,0,0,E,2,A,
593,F.,"U8 14   ","U8     "," 0.80 V"," 0.80 V"," 0.56 V",30," 1.04 V",30," 0.00 V",0,2.0V,11,157,0,0,0,0,0,E,2,A,
594,F.,"U8 15   ","U8     "," 0.80 V"," 0.79 V"," 0.56 V",30," 1.04 V",30," 0.00 V",0,2.0V,11,156,0,0,0,0,0,E,2,A,
595,F.,"U8 16   ","U8     "," 0.80 V"," 0.79 V"," 0.56 V",30," 1.04 V",30," 0.00 V",0,2.0V,11,154,0,0,0,0,0,E,2,A,
596,F.,"U8 17   ","U8     "," 0.80 V"," 0.80 V"," 0.56 V",30," 1.04 V",30," 0.00 V",0,2.0V,11,152,0,0,0,0,0,E,2,A,
597,F.,"U8 18   ","U8     "," 0.80 V"," 0.81 V"," 0.56 V",30," 1.04 V",30," 0.00 V",0,2.0V,11,151,0,0,0,0,0,E,2,A,
598,F.,"U8 19   ","U8     "," 0.80 V"," 0.81 V"," 0.56 V",30," 1.04 V",30," 0.00 V",0,2.0V,11,144,0,0,0,0,0,E,2,A,
599,F.,"U8 20   ","U8     "," 0.55 V"," 0.53 V"," 0.39 V",30," 0.72 V",30," 0.00 V",10,2.0V,11,133,0,0,0,0,0,E,2,A,
600,NOP,........,.......,--------,--------,--------,0,--------,0,--------,0,,0,0,0,0,0,0,0,*,*,A,,*
601,F.,"U9 -1   ","U9     "," 0.80 V"," 0.84 V"," 0.56 V",30," 1.04 V",30," 0.00 V",0,2.0V,1,67,0,0,0,0,0,B,2,A,
602,F.,"U9 -2   ","U9     "," 0.80 V"," 0.00 V"," 0.56 V",30," 1.04 V",30," 0.00 V",0,2.0V,1,1,0,0,0,0,0,B,2,A,,*
603,F.,"U9 -3   ","U9     "," 0.60 V"," 0.56 V"," 0.42 V",30," 0.78 V",30," 0.00 V",20,2.0V,1,5,0,0,0,0,0,B,2,A,
604,F.,"U9 -4   ","U9     "," 0.80 V"," 0.00 V"," 0.56 V",30," 1.04 V",30," 0.00 V",0,2.0V,1,0,0,0,0,0,0,B,2,A,,*
605,F.,"U9 -5   ","U9     "," 0.60 V"," 0.56 V"," 0.42 V",30," 0.78 V",30," 0.00 V",20,2.0V,1,5,0,0,0,0,0,B,2,A,
606,F.,"U9 -6   ","U9     "," 0.80 V"," 0.80 V"," 0.56 V",30," 1.04 V",30," 0.00 V",0,2.0V,1,42,0,0,0,0,0,B,2,A,
607,NOP,........,.......,--------,--------,--------,0,--------,0,--------,0,,0,0,0,0,0,0,0,*,*,A,,*
608,F.,"U10 -1  ","U10    "," 0.80 V"," 0.00 V"," 0.56 V",30," 1.04 V",30," 0.00 V",0,2.0V,11,0,0,0,0,0,0,E,1,A,,*
609,F.,"U10 -2  ","U10    "," 0.80 V"," 0.79 V"," 0.56 V",30," 1.04 V",30," 0.00 V",0,2.0V,11,143,0,0,0,0,0,E,1,A,
610,F.,"U10 -3  ","U10    "," 0.80 V"," 0.00 V"," 0.56 V",30," 1.04 V",30," 0.00 V",0,2.0V,11,11,0,0,0,0,0,E,1,A,,*
611,F.,"U10 -4  ","U10    "," 0.80 V"," 0.76 V"," 0.56 V",30," 1.04 V",30," 0.00 V",0,2.0V,11,153,0,0,0,0,0,E,1,A,
612,F.,"U10 -5  ","U10    "," 0.55 V"," 0.53 V"," 0.39 V",30," 0.72 V",30," 0.00 V",10,2.0V,11,133,0,0,0,0,0,E,1,A,
613,NOP,........,.......,--------,--------,--------,0,--------,0,--------,0,,0,0,0,0,0,0,0,*,*,A,,*
614,F.,"U11 -1  ","U11    "," 0.80 V"," 0.84 V"," 0.56 V",30," 1.04 V",30," 0.00 V",0,2.0V,11,141,0,0,0,0,0,E,1,A,
615,F.,"U11 -2  ","U11    "," 0.80 V"," 0.89 V"," 0.56 V",30," 1.04 V",30," 0.00 V",0,2.0V,11,129,0,0,0,0,0,E,1,A,
616,F.,"U11 -3  ","U11    "," 0.80 V"," 0.90 V"," 0.56 V",30," 1.04 V",30," 0.00 V",0,2.0V,11,130,0,0,0,0,0,E,1,A,
617,F.,"U11 -4  ","U11    "," 0.80 V"," 0.00 V"," 0.56 V",30," 1.04 V",30," 0.00 V",0,2.0V,11,11,0,0,0,0,0,E,1,A,,*
618,F.,"U11 -5  ","U11    "," 0.80 V"," 0.90 V"," 0.56 V",30," 1.04 V",30," 0.00 V",0,2.0V,11,126,0,0,0,0,0,E,1,A,
619,F.,"U11 -6  ","U11    "," 0.80 V"," 0.88 V"," 0.56 V",30," 1.04 V",30," 0.00 V",0,2.0V,11,121,0,0,0,0,0,E,1,A,
620,F.,"U11 -7  ","U11    "," 0.80 V"," 0.79 V"," 0.56 V",30," 1.04 V",30," 0.00 V",0,2.0V,11,143,0,0,0,0,0,E,1,A,
621,F.,"U11 -8  ","U11    "," 0.70 V"," 0.65 V"," 0.49 V",30," 0.91 V",30," 0.00 V",10,2.0V,11,10,0,0,0,0,0,E,1,A,
622,NOP,........,.......,--------,--------,--------,0,--------,0,--------,0,,0,0,0,0,0,0,0,*,*,A,,*
623,F.,"U12 -1  ","U12    "," 0.80 V"," 0.00 V"," 0.56 V",30," 1.04 V",30," 0.00 V",0,2.0V,6,0,0,0,0,0,0,C,2,A,,*
624,F.,"U12 -2  ","U12    "," 0.80 V"," 0.00 V"," 0.56 V",30," 1.04 V",30," 0.00 V",0,2.0V,6,6,0,0,0,0,0,C,2,A,,*
625,"F. HS","U12 -3  ","U12    "," 0.60 V"," 0.67 V"," 0.42 V",30," 0.78 V",30," 0.00 V",30,2.0V,6,7,0,0,0,0,0,C,2,A,
626,F.,"U12 -4  ","U12    "," 0.80 V"," 0.00 V"," 0.56 V",30," 1.04 V",30," 0.00 V",0,2.0V,6,6,0,0,0,0,0,C,2,A,,*
627,F.,"U12 -5  ","U12    "," 0.80 V"," 0.90 V"," 0.56 V",30," 1.04 V",30," 0.00 V",0,2.0V,6,77,0,0,0,0,0,C,2,A,
628,F.,"U12 -6  ","U12    "," 0.30 V"," 0.29 V"," 0.21 V",30," 0.39 V",30," 0.00 V",20,2.0V,6,78,0,0,0,0,0,C,2,A,
629,F.,"U12 -7  ","U12    "," 0.80 V"," 0.84 V"," 0.56 V",30," 1.04 V",30," 0.00 V",0,2.0V,6,82,0,0,0,0,0,C,2,A,
630,F.,"U12 -8  ","U12    "," 0.60 V"," 0.58 V"," 0.42 V",30," 0.78 V",30," 0.00 V",20,2.0V,6,7,0,0,0,0,0,C,2,A,
631,NOP,........,.......,--------,--------,--------,0,--------,0,--------,0,,0,0,0,0,0,0,0,*,*,A,,*
632,F.,"U13 -1  ","U13    "," 0.80 V"," 0.76 V"," 0.56 V",30," 1.04 V",30," 0.00 V",10,2.0V,6,79,0,0,0,0,0,C,2,A,
633,F.,"U13 -2  ","U13    "," 0.80 V"," 0.91 V"," 0.56 V",30," 1.04 V",30," 0.00 V",0,2.0V,6,75,0,0,0,0,0,C,2,A,
634,F.,"U13 -3  ","U13    "," 0.80 V"," 0.00 V"," 0.56 V",30," 1.04 V",30," 0.00 V",0,2.0V,6,6,0,0,0,0,0,C,2,A,,*
635,NOP,........,.......,--------,--------,--------,0,--------,0,--------,0,,0,0,0,0,0,0,0,*,*,A,,*
636,F.,"U14 -1  ","U14    "," 0.80 V"," 0.76 V"," 0.56 V",30," 1.04 V",30," 0.00 V",0,2.0V,11,128,0,0,0,0,0,E,1,A,
637,F.,"U14 -2  ","U14    "," 0.80 V"," 0.91 V"," 0.56 V",30," 1.04 V",30," 0.00 V",0,2.0V,11,131,0,0,0,0,0,E,1,A,
638,F.,"U14 -3  ","U14    "," 0.80 V"," 0.00 V"," 0.56 V",30," 1.04 V",30," 0.00 V",0,2.0V,11,11,0,0,0,0,0,E,1,A,,*
639,NOP,........,.......,--------,--------,--------,0,--------,0,--------,0,,0,0,0,0,0,0,0,*,*,A,,*
640,F.,"U15 -1  ","U15    "," 0.80 V"," 0.76 V"," 0.56 V",30," 1.04 V",30," 0.00 V",0,2.0V,1,61,0,0,0,0,0,B,1,A,
641,F.,"U15 -2  ","U15    "," 0.80 V"," 0.00 V"," 0.56 V",30," 1.04 V",30," 0.00 V",0,2.0V,1,1,0,0,0,0,0,B,1,A,,*
642,F.,"U15 -3  ","U15    "," 0.80 V"," 0.78 V"," 0.56 V",30," 1.04 V",30," 0.00 V",0,2.0V,1,37,0,0,0,0,0,B,1,A,
643,NOP,........,.......,--------,--------,--------,0,--------,0,--------,0,,0,0,0,0,0,0,0,*,*,A,,*
644,F.,"1U -1   ","1U     "," 0.80 V"," 0.58 V"," 0.56 V",30," 1.04 V",30," 0.00 V",0,2.0V,1,27,0,0,0,0,0,B,1,A,
645,F.,"1U -2   ","1U     "," 0.80 V"," 0.00 V"," 0.56 V",30," 1.04 V",30," 0.00 V",0,2.0V,1,1,0,0,0,0,0,B,1,A,,*
646,F.,"1U -3   ","1U     "," 0.60 V"," 0.53 V"," 0.42 V",30," 0.78 V",30," 0.00 V",20,2.0V,1,35,0,0,0,0,0,B,1,A,
647,NOP,........,.......,--------,--------,--------,0,--------,0,--------,0,,0,0,0,0,0,0,0,*,*,A,,*
648,F.,"3U -1   ","3U     "," 0.80 V"," 0.76 V"," 0.56 V",30," 1.04 V",30," 0.00 V",0,2.0V,1,36,0,0,0,0,0,B,1,A,
649,F.,"3U -2   ","3U     "," 0.80 V"," 0.00 V"," 0.56 V",30," 1.04 V",30," 0.00 V",0,2.0V,1,1,0,0,0,0,0,B,1,A,,*
650,F.,"3U -3   ","3U     "," 0.80 V"," 0.91 V"," 0.56 V",30," 1.04 V",30," 0.00 V",0,2.0V,1,57,0,0,0,0,0,B,1,A,
651,NOP,IC/S-O**,*******,--------,--------,--------,0,--------,0,--------,0,,0,0,0,0,0,0,0,*,*,A,,*
652,J.,"U1 -1   ","P*1-2  "," OPEN  "," OPEN  ",--------,0,--------,0,--------,0,,10,133,0,0,0,0,0,E,1,A,
653,J.,"U1 -2   ","P*2-3  "," OPEN  "," OPEN  ",--------,0,--------,0,--------,0,,133,143,0,0,0,0,0,E,1,A,
654,J.,"U1 -3   ","P*3-4  "," OPEN  "," OPEN  ",--------,0,--------,0,--------,0,,143,134,0,0,0,0,0,E,1,A,
655,J.,"U1 -4   ","P*4-5  "," OPEN  "," OPEN  ",--------,0,--------,0,--------,0,,134,144,0,0,0,0,0,E,1,A,
656,J.,"U1 -5   ","P*5-6  "," OPEN  "," OPEN  ",--------,0,--------,0,--------,0,,144,135,0,0,0,0,0,E,1,A,
657,J.,"U1 -6   ","P*6-7  "," OPEN  "," OPEN  ",--------,0,--------,0,--------,0,,135,145,0,0,0,0,0,E,1,A,
658,J.,"U1 -7   ","P*7-8  "," OPEN  "," OPEN  ",--------,0,--------,0,--------,0,,145,136,0,0,0,0,0,E,1,A,
659,J.,"U1 -8   ","P*8-9  "," OPEN  "," OPEN  ",--------,0,--------,0,--------,0,,136,11,0,0,0,0,0,E,1,A,
660,J.,"U1 -9   ","P*9-10 "," OPEN  "," OPEN  ",--------,0,--------,0,--------,0,,11,137,0,0,0,0,0,E,1,A,
661,J.,"U1 10   ",P*10-11," OPEN  "," OPEN  ",--------,0,--------,0,--------,0,,137,146,0,0,0,0,0,E,1,A,
662,J.,"U1 11   ",P*11-12," OPEN  "," OPEN  ",--------,0,--------,0,--------,0,,146,138,0,0,0,0,0,E,1,A,
663,J.,"U1 12   ",P*12-13," OPEN  "," OPEN  ",--------,0,--------,0,--------,0,,138,147,0,0,0,0,0,E,1,A,
664,J.,"U1 13   ",P*13-14," OPEN  "," OPEN  ",--------,0,--------,0,--------,0,,147,139,0,0,0,0,0,E,1,A,
665,J.,"U1 14   ",P*14-15," OPEN  "," OPEN  ",--------,0,--------,0,--------,0,,139,148,0,0,0,0,0,E,1,A,
666,J.,"U1 15   ",P*15-16," OPEN  "," OPEN  ",--------,0,--------,0,--------,0,,148,140,0,0,0,0,0,E,1,A,
667,J.,"U1 16   ",P*16-17," OPEN  "," OPEN  ",--------,0,--------,0,--------,0,,140,149,0,0,0,0,0,E,1,A,
668,J.,"U1 17   ",P*17-18," OPEN  "," OPEN  ",--------,0,--------,0,--------,0,,149,141,0,0,0,0,0,E,1,A,
669,J.,"U1 18   ",P*18-19," OPEN  "," OPEN  ",--------,0,--------,0,--------,0,,141,150,0,0,0,0,0,E,1,A,
670,J.,"U1 19   ",P*19-20," OPEN  "," OPEN  ",--------,0,--------,0,--------,0,,150,142,0,0,0,0,0,E,1,A,
671,J.,"U1 20   ","P*20-1 "," OPEN  "," OPEN  ",--------,0,--------,0,--------,0,,142,10,0,0,0,0,0,E,1,A,
672,NOP,........,.......,--------,--------,--------,0,--------,0,--------,0,,0,0,0,0,0,0,0,*,*,A,,*
673,J.,"U1-2 -1 ",P*1-2NC," OPEN  "," OPEN  ",--------,0,--------,0,--------,0,,55,4,0,0,0,0,0,C,1,A,
674,J.,"U1-2 -2 ","P*2-3  "," OPEN  "," OPEN  ",--------,0,--------,0,--------,10,,4,5,0,0,0,0,0,C,1,A,
675,J.,"U1-2 -3 ","P*3-4  "," OPEN  "," OPEN  ",--------,0,--------,0,--------,0,,5,56,0,0,0,0,0,C,1,A,
676,J.,"U1-2 -4 ","P*4-5  "," OPEN  "," OPEN  ",--------,0,--------,0,--------,0,,56,1,0,0,0,0,0,C,1,A,
677,J.,"U1-2 -5 ","P*5-6  "," OPEN  "," OPEN  ",--------,0,--------,0,--------,0,,1,62,0,0,0,0,0,C,1,A,
678,J.,"U1-2 -6 ","P*6-7  "," OPEN  "," OPEN  ",--------,0,--------,0,--------,0,,62,63,0,0,0,0,0,C,1,A,
679,J.,"U1-2 -7 ","P*7-8  "," OPEN  "," OPEN  ",--------,0,--------,0,--------,0,,63,64,0,0,0,0,0,C,1,A,
680,J.,"U1-2 -8 ","P*8-9  "," OPEN  "," OPEN  ",--------,0,--------,0,--------,0,,64,65,0,0,0,0,0,C,1,A,
681,J.,"U1-2 -9 ","P*9-10 "," OPEN  "," OPEN  ",--------,0,--------,0,--------,0,,65,66,0,0,0,0,0,C,1,A,
682,J.,"U1-2 -10",P*10-11," OPEN  "," OPEN  ",--------,0,--------,0,--------,0,,66,67,0,0,0,0,0,C,1,A,
683,J.,"U1-2 -11",P*11-12," OPEN  "," OPEN  ",--------,0,--------,0,--------,0,,67,55,0,0,0,0,0,C,1,A,
684,NOP,........,.......,--------,--------,--------,0,--------,0,--------,0,,0,0,0,0,0,0,0,*,*,A,,*
685,J.,"U2 -1   ","P*1-2  "," OPEN  ",-------,--------,0,--------,0,--------,0,,0,2,0,0,0,0,0,B,1,A,,*
686,J.,"U2 -2   ","P*2-3  "," OPEN  "," OPEN  ",--------,0,--------,0,--------,0,,2,34,0,0,0,0,0,B,1,A,
687,J.,"U2 -3   ","P*3-4  "," OPEN  "," OPEN  ",--------,0,--------,0,--------,0,,34,2,0,0,0,0,0,B,1,A,
688,J.,"U2 -4   ","P*4-5  "," OPEN  "," OPEN  ",--------,0,--------,0,--------,0,,2,23,0,0,0,0,0,B,1,A,
689,J.,"U2 -5   ","P*5-6  "," OPEN  "," OPEN  ",--------,0,--------,0,--------,0,,23,21,0,0,0,0,0,B,1,A,
690,J.,"U2 -6   ","P*6-7  "," OPEN  "," OPEN  ",--------,0,--------,0,--------,0,,21,18,0,0,0,0,0,B,1,A,
691,J.,"U2 -7   ","P*7-8  "," OPEN  "," OPEN  ",--------,0,--------,0,--------,0,,18,34,0,0,0,0,0,B,1,A,
692,J.,"U2 -8   ","P*8-1  "," OPEN  ",-------,--------,0,--------,0,--------,0,,34,0,0,0,0,0,0,B,1,A,,*
693,NOP,........,.......,--------,--------,--------,0,--------,0,--------,0,,0,0,0,0,0,0,0,*,*,A,,*
694,J.,"U3 -1   ","P*1-2  "," OPEN  "," OPEN  ",--------,0,--------,0,--------,0,,103,102,0,0,0,0,0,E,1,A,
695,J.,"U3 -2   ","P*2-3  "," OPEN  "," OPEN  ",--------,0,--------,0,--------,0,,102,11,0,0,0,0,0,E,1,A,
696,J.,"U3 -3   ","P*3-1  "," OPEN  "," OPEN  ",--------,0,--------,0,--------,0,,11,103,0,0,0,0,0,E,1,A,
697,NOP,........,.......,--------,--------,--------,0,--------,0,--------,0,,0,0,0,0,0,0,0,*,*,A,,*
698,J.,"U5 -1   ","P*1-2  "," OPEN  "," OPEN  ",--------,0,--------,0,--------,0,,110,122,0,0,0,0,0,E,1,A,
699,J.,"U5 -2   ","P*2-3  "," OPEN  "," OPEN  ",--------,0,--------,0,--------,0,,122,123,0,0,0,0,0,E,1,A,
700,J.,"U5 -3   ","P*3-4  "," OPEN  "," OPEN  ",--------,0,--------,0,--------,0,,123,11,0,0,0,0,0,E,1,A,
701,J.,"U5 -4   ","P*4-5  "," OPEN  "," OPEN  ",--------,0,--------,0,--------,0,,11,119,0,0,0,0,0,E,1,A,
702,J.,"U5 -5   ","P*5-6  "," OPEN  "," OPEN  ",--------,0,--------,0,--------,0,,119,120,0,0,0,0,0,E,1,A,
703,J.,"U5 -6   ","P*6-7  "," OPEN  "," OPEN  ",--------,0,--------,0,--------,0,,120,118,0,0,0,0,0,E,1,A,
704,J.,"U5 -7   ","P*7-8  "," OPEN  "," OPEN  ",--------,0,--------,0,--------,0,,118,10,0,0,0,0,0,E,1,A,
705,J.,"U5 -8   ","P*8-1  "," OPEN  "," OPEN  ",--------,0,--------,0,--------,0,,10,110,0,0,0,0,0,E,1,A,
706,NOP,........,.......,--------,--------,--------,0,--------,0,--------,0,,0,0,0,0,0,0,0,*,*,A,,*
707,J.,"U6 -1   ","P*1-2  "," OPEN  "," OPEN  ",--------,0,--------,0,--------,0,,149,96,0,0,0,0,0,E,1,A,
708,J.,"U6 -2   ","P*2-3  "," OPEN  "," OPEN  ",--------,0,--------,0,--------,0,,96,97,0,0,0,0,0,E,1,A,
709,J.,"U6 -3   ","P*3-4  "," OPEN  "," OPEN  ",--------,0,--------,0,--------,0,,97,10,0,0,0,0,0,E,1,A,
710,J.,"U6 -4   ","P*4-5  "," OPEN  "," OPEN  ",--------,0,--------,0,--------,0,,10,114,0,0,0,0,0,E,1,A,
711,J.,"U6 -5   ","P*5-6  "," OPEN  "," OPEN  ",--------,0,--------,0,--------,0,,114,99,0,0,0,0,0,E,1,A,
712,J.,"U6 -6   ","P*6-7  "," OPEN  "," OPEN  ",--------,0,--------,0,--------,0,,99,148,0,0,0,0,0,E,1,A,
713,J.,"U6 -7   ","P*7-8  "," OPEN  "," OPEN  ",--------,0,--------,0,--------,0,,148,147,0,0,0,0,0,E,1,A,
714,J.,"U6 -8   ","P*8-9  "," OPEN  "," OPEN  ",--------,0,--------,0,--------,0,,147,113,0,0,0,0,0,E,1,A,
715,J.,"U6 -9   ","P*9-10 "," OPEN  "," OPEN  ",--------,0,--------,0,--------,0,,113,108,0,0,0,0,0,E,1,A,
716,J.,"U6 10   ",P*10-11," OPEN  "," OPEN  ",--------,0,--------,0,--------,0,,108,11,0,0,0,0,0,E,1,A,
717,J.,"U6 11   ",P*11-12," OPEN  "," OPEN  ",--------,0,--------,0,--------,0,,11,107,0,0,0,0,0,E,1,A,
718,J.,"U6 12   ",P*12-13," OPEN  "," OPEN  ",--------,0,--------,0,--------,0,,107,105,0,0,0,0,0,E,1,A,
719,J.,"U6 13   ",P*13-14," OPEN  "," OPEN  ",--------,0,--------,0,--------,0,,105,104,0,0,0,0,0,E,1,A,
720,J.,"U6 14   ","P*14-1 "," OPEN  "," OPEN  ",--------,0,--------,0,--------,0,,104,149,0,0,0,0,0,E,1,A,
721,NOP,........,.......,--------,--------,--------,0,--------,0,--------,0,,0,0,0,0,0,0,0,*,*,A,,*
722,J.,"U8 -1   ","P*1-2  "," OPEN  "," OPEN  ",--------,0,--------,0,--------,0,,153,139,0,0,0,0,0,E,2,A,
723,J.,"U8 -2   ","P*2-3  "," OPEN  "," OPEN  ",--------,0,--------,0,--------,0,,139,138,0,0,0,0,0,E,2,A,
724,J.,"U8 -3   ","P*3-4  "," OPEN  "," OPEN  ",--------,0,--------,0,--------,0,,138,137,0,0,0,0,0,E,2,A,
725,J.,"U8 -4   ","P*4-5  "," OPEN  "," OPEN  ",--------,0,--------,0,--------,0,,137,136,0,0,0,0,0,E,2,A,
726,J.,"U8 -5   ","P*5-6  "," OPEN  "," OPEN  ",--------,0,--------,0,--------,0,,136,135,0,0,0,0,0,E,2,A,
727,J.,"U8 -6   ","P*6-7  "," OPEN  "," OPEN  ",--------,0,--------,0,--------,0,,135,134,0,0,0,0,0,E,2,A,
728,J.,"U8 -7   ","P*7-8  "," OPEN  "," OPEN  ",--------,0,--------,0,--------,0,,134,11,0,0,0,0,0,E,2,A,
729,J.,"U8 -8   ","P*8-9  "," OPEN  ",-------,--------,0,--------,0,--------,0,,11,11,0,0,0,0,0,E,2,A,,*
730,J.,"U8 -9   ","P*9-10 "," OPEN  ",-------,--------,0,--------,0,--------,0,,11,11,0,0,0,0,0,E,2,A,,*
731,J.,"U8 10   ",P*10-11," OPEN  "," OPEN  ",--------,0,--------,0,--------,0,,11,155,0,0,0,0,0,E,2,A,
732,J.,"U8 11   ",P*11-12," OPEN  ",-------,--------,0,--------,0,--------,0,,155,155,0,0,0,0,0,E,2,A,,*
733,J.,"U8 12   ",P*12-13," OPEN  "," OPEN  ",--------,0,--------,0,--------,0,,155,158,0,0,0,0,0,E,2,A,
734,J.,"U8 13   ",P*13-14," OPEN  "," OPEN  ",--------,0,--------,0,--------,0,,158,157,0,0,0,0,0,E,2,A,
735,J.,"U8 14   ",P*14-15," OPEN  "," OPEN  ",--------,0,--------,0,--------,0,,157,156,0,0,0,0,0,E,2,A,
736,J.,"U8 15   ",P*15-16," OPEN  "," OPEN  ",--------,0,--------,0,--------,0,,156,154,0,0,0,0,0,E,2,A,
737,J.,"U8 16   ",P*16-17," OPEN  "," OPEN  ",--------,0,--------,0,--------,0,,154,152,0,0,0,0,0,E,2,A,
738,J.,"U8 17   ",P*17-18," OPEN  "," OPEN  ",--------,0,--------,0,--------,0,,152,151,0,0,0,0,0,E,2,A,
739,J.,"U8 18   ",P*18-19," OPEN  "," OPEN  ",--------,0,--------,0,--------,0,,151,144,0,0,0,0,0,E,2,A,
740,J.,"U8 19   ",P*19-20," OPEN  "," OPEN  ",--------,0,--------,0,--------,0,,144,133,0,0,0,0,0,E,2,A,
741,J.,"U8 20   ","P*20-1 "," OPEN  "," OPEN  ",--------,0,--------,0,--------,0,,133,153,0,0,0,0,0,E,2,A,
742,NOP,........,.......,--------,--------,--------,0,--------,0,--------,0,,0,0,0,0,0,0,0,*,*,A,,*
743,J.,"U9 -1   ","P*1-2  "," OPEN  "," OPEN  ",--------,0,--------,0,--------,0,,67,1,0,0,0,0,0,B,2,A,
744,J.,"U9 -2   ","P*2-3  "," OPEN  "," OPEN  ",--------,0,--------,0,--------,10,,1,5,0,0,0,0,0,B,2,A,
745,J.,"U9 -3   ","P*3-4  "," OPEN  ",-------,--------,0,--------,0,--------,0,,5,0,0,0,0,0,0,B,2,A,,*
746,J.,"U9 -4   ","P*4-5  "," OPEN  ",-------,--------,0,--------,0,--------,0,,0,5,0,0,0,0,0,B,2,A,,*
747,J.,"U9 -5   ","P*5-6  "," OPEN  "," OPEN  ",--------,0,--------,0,--------,0,,5,42,0,0,0,0,0,B,2,A,
748,J.,"U9 -6   ","P*6-1  "," OPEN  "," OPEN  ",--------,0,--------,0,--------,0,,42,67,0,0,0,0,0,B,2,A,
749,NOP,........,.......,--------,--------,--------,0,--------,0,--------,0,,0,0,0,0,0,0,0,*,*,A,,*
750,J.,"U10 -1  ","P*1-2  "," OPEN  ",-------,--------,0,--------,0,--------,0,,0,143,0,0,0,0,0,E,1,A,,*
751,J.,"U10 -2  ","P*2-3  "," OPEN  "," OPEN  ",--------,0,--------,0,--------,0,,143,11,0,0,0,0,0,E,1,A,
752,J.,"U10 -3  ","P*3-4  "," OPEN  "," OPEN  ",--------,0,--------,0,--------,0,,11,153,0,0,0,0,0,E,1,A,
753,J.,"U10 -4  ","P*4-5  "," OPEN  "," OPEN  ",--------,0,--------,0,--------,0,,153,133,0,0,0,0,0,E,1,A,
754,J.,"U10 -5  ","P*5-1  "," OPEN  ",-------,--------,0,--------,0,--------,0,,133,0,0,0,0,0,0,E,1,A,,*
755,NOP,........,.......,--------,--------,--------,0,--------,0,--------,0,,0,0,0,0,0,0,0,*,*,A,,*
756,J.,"U11 -1  ","P*1-2  "," OPEN  "," OPEN  ",--------,0,--------,0,--------,0,,141,129,0,0,0,0,0,E,1,A,
757,J.,"U11 -2  ","P*2-3  "," OPEN  "," OPEN  ",--------,0,--------,0,--------,0,,129,130,0,0,0,0,0,E,1,A,
758,J.,"U11 -3  ","P*3-4  "," OPEN  "," OPEN  ",--------,0,--------,0,--------,0,,130,11,0,0,0,0,0,E,1,A,
759,J.,"U11 -4  ","P*4-5  "," OPEN  "," OPEN  ",--------,0,--------,0,--------,0,,11,126,0,0,0,0,0,E,1,A,
760,J.,"U11 -5  ","P*5-6  "," OPEN  "," OPEN  ",--------,0,--------,0,--------,0,,126,121,0,0,0,0,0,E,1,A,
761,J.,"U11 -6  ","P*6-7  "," OPEN  "," OPEN  ",--------,0,--------,0,--------,0,,121,143,0,0,0,0,0,E,1,A,
762,J.,"U11 -7  ","P*7-8  "," OPEN  "," OPEN  ",--------,0,--------,0,--------,0,,143,10,0,0,0,0,0,E,1,A,
763,J.,"U11 -8  ","P*8-1  "," OPEN  "," OPEN  ",--------,0,--------,0,--------,0,,10,141,0,0,0,0,0,E,1,A,
764,NOP,........,.......,--------,--------,--------,0,--------,0,--------,0,,0,0,0,0,0,0,0,*,*,A,,*
765,J.,"U12 -1  ","P*1-2  "," OPEN  ",-------,--------,0,--------,0,--------,0,,0,6,0,0,0,0,0,C,2,A,,*
766,J.,"U12 -2  ","P*2-3  "," OPEN  "," OPEN  ",--------,0,--------,0,--------,10,,6,7,0,0,0,0,0,C,2,A,
767,J.,"U12 -3  ","P*3-4  "," OPEN  "," OPEN  ",--------,0,--------,0,--------,10,,7,6,0,0,0,0,0,C,2,A,
768,J.,"U12 -4  ","P*4-5  "," OPEN  "," OPEN  ",--------,0,--------,0,--------,0,,6,77,0,0,0,0,0,C,2,A,
769,J.,"U12 -5  ","P*5-6  "," OPEN  "," OPEN  ",--------,0,--------,0,--------,0,,77,78,0,0,0,0,0,C,2,A,
770,J.,"U12 -6  ","P*6-7  "," OPEN  "," OPEN  ",--------,0,--------,0,--------,0,,78,82,0,0,0,0,0,C,2,A,
771,J.,"U12 -7  ","P*7-8  "," OPEN  "," OPEN  ",--------,0,--------,0,--------,0,,82,7,0,0,0,0,0,C,2,A,
772,J.,"U12 -8  ","P*8-1  "," OPEN  ",-------,--------,0,--------,0,--------,0,,7,0,0,0,0,0,0,C,2,A,,*
773,NOP,........,.......,--------,--------,--------,0,--------,0,--------,0,,0,0,0,0,0,0,0,*,*,A,,*
774,J.,"U13 -1  ","P*1-2  "," OPEN  "," OPEN  ",--------,0,--------,0,--------,0,,79,75,0,0,0,0,0,C,2,A,
775,J.,"U13 -2  ","P*2-3  "," OPEN  "," OPEN  ",--------,0,--------,0,--------,0,,75,6,0,0,0,0,0,C,2,A,
776,J.,"U13 -3  ","P*3-1  "," OPEN  "," OPEN  ",--------,0,--------,0,--------,0,,6,79,0,0,0,0,0,C,2,A,
777,NOP,........,.......,--------,--------,--------,0,--------,0,--------,0,,0,0,0,0,0,0,0,*,*,A,,*
778,J.,"U14 -1  ","P*1-2  "," OPEN  "," OPEN  ",--------,0,--------,0,--------,0,,128,131,0,0,0,0,0,E,1,A,
779,J.,"U14 -2  ","P*2-3  "," OPEN  "," OPEN  ",--------,0,--------,0,--------,0,,131,11,0,0,0,0,0,E,1,A,
780,J.,"U14 -3  ","P*3-1  "," OPEN  "," OPEN  ",--------,0,--------,0,--------,0,,11,128,0,0,0,0,0,E,1,A,
781,NOP,........,.......,--------,--------,--------,0,--------,0,--------,0,,0,0,0,0,0,0,0,*,*,A,,*
782,J.,"U15 -1  ","P*1-2  "," OPEN  "," OPEN  ",--------,0,--------,0,--------,0,,61,1,0,0,0,0,0,B,1,A,
783,J.,"U15 -2  ","P*2-3  "," OPEN  "," OPEN  ",--------,0,--------,0,--------,0,,1,37,0,0,0,0,0,B,1,A,
784,J.,"U15 -3  ","P*3-1  "," OPEN  "," OPEN  ",--------,0,--------,0,--------,0,,37,61,0,0,0,0,0,B,1,A,
785,NOP,........,.......,--------,--------,--------,0,--------,0,--------,0,,0,0,0,0,0,0,0,*,*,A,,*
786,J.,"1U -1   ","P*1-2  "," OPEN  "," OPEN  ",--------,0,--------,0,--------,0,,27,1,0,0,0,0,0,B,1,A,
787,J.,"1U -2   ","P*2-3  "," OPEN  "," OPEN  ",--------,0,--------,0,--------,20,,1,35,0,0,0,0,0,B,1,A,
788,J.,"1U -3   ","P*3-1  "," OPEN  "," OPEN  ",--------,0,--------,0,--------,0,,35,27,0,0,0,0,0,B,1,A,
789,NOP,........,.......,--------,--------,--------,0,--------,0,--------,0,,0,0,0,0,0,0,0,*,*,A,,*
790,J.,"3U -1   ","P*1-2  "," OPEN  "," OPEN  ",--------,0,--------,0,--------,0,,36,1,0,0,0,0,0,B,1,A,
791,J.,"3U -2   ","P*2-3  "," OPEN  "," OPEN  ",--------,0,--------,0,--------,0,,1,57,0,0,0,0,0,B,1,A,
792,J.,"3U -3   ","P*3-1  "," OPEN  "," OPEN  ",--------,0,--------,0,--------,0,,57,36,0,0,0,0,0,B,1,A,
793,NOP,"        ","       ",--------,--------,--------,0,--------,0,--------,0,,0,0,0,0,0,0,0,*,*,A,,*
794,R.,"CN6     ",10.00Ko," 5.00Ko"," 0.00Ko",--------,*," 5.00Ko",0," 0.00Ko",0,,210,211,0,0,0,0,0,*,*,A,
795,R.,"TB1-2   ",10.00Ko," 5.00Ko"," 0.00Ko",--------,*," 5.00Ko",0," 0.00Ko",0,,210,212,0,0,0,0,0,*,*,A,
796,R.,"CN3     ",10.00Ko," 5.00Ko"," 0.00Ko",--------,*," 5.00Ko",0," 0.00Ko",0,,210,213,0,0,0,0,0,*,*,A,
797,R.,TB1-1/NC,10.00Ko," 5.00Ko"," 9.85Ko"," 5.00Ko",0,--------,*," 0.00Ko",0,,210,214,0,0,0,0,0,*,*,A,
798,R.,"TB1-3   ",10.00Ko," 5.00Ko"," 0.00Ko",--------,*," 5.00Ko",0," 0.00Ko",0,,210,215,0,0,0,0,0,*,*,A,
799,NOP,END*****,*******,--------,--------,--------,0,--------,0,--------,0,,0,0,0,0,0,0,0,*,*,A,,*
